name,country,price,rating,image_url,bottle_image_url,region,winery,flavor,food_pairing,grapes
Duckhorn Napa Valley Merlot 1989,United States,110,4.2,images/Duckhorn_Napa_Valley_Merlot_1989.png,images/bottle_Duckhorn_Napa_Valley_Merlot_1989.png,Napa Valley,Duckhorn,"oak, black fruit, red fruit, non oak, spices, earth, microbio, dried fruit, floral, vegetal, tree fruit, citrus fruit, tropical fruit","Beef, Lamb, Veal",Merlot
Duckhorn Napa Valley Merlot 1987,United States,148,4.2,images/Duckhorn_Napa_Valley_Merlot_1987.png,images/bottle_Duckhorn_Napa_Valley_Merlot_1987.png,Napa Valley,Duckhorn,"oak, black fruit, red fruit, non oak, spices, earth, microbio, dried fruit, floral, vegetal, tree fruit, citrus fruit, tropical fruit","Beef, Lamb, Veal",Merlot
Duckhorn Napa Valley Merlot 1986,United States,123,4.2,images/Duckhorn_Napa_Valley_Merlot_1986.png,images/bottle_Duckhorn_Napa_Valley_Merlot_1986.png,Napa Valley,Duckhorn,"oak, black fruit, red fruit, non oak, spices, earth, microbio, dried fruit, floral, vegetal, tree fruit, citrus fruit, tropical fruit","Beef, Lamb, Veal",Merlot
Yellow Tail Merlot 2024,Australia,11.69,3.3,images/Yellow_Tail_Merlot_2024.png,images/bottle_Yellow_Tail_Merlot_2024.png,South Eastern Australia,Yellow Tail,"oak, black fruit, spices, non oak, red fruit, earth, microbio, dried fruit, vegetal, tree fruit, citrus fruit, floral, tropical fruit","Beef, Lamb, Veal",Merlot
H3 Wines Merlot 2022,United States,11.99,3.7,images/H3_Wines_Merlot_2022.png,images/bottle_H3_Wines_Merlot_2022.png,Horse Heaven Hills,H3 Wines,"oak, black fruit, earth, non oak, red fruit, spices, microbio, dried fruit, vegetal, floral, tree fruit, citrus fruit, tropical fruit","Beef, Lamb, Veal",Merlot
Duckhorn Three Palms Vineyard Merlot 2000,United States,133,4.4,images/Duckhorn_Three_Palms_Vineyard_Merlot_2000.png,images/bottle_Duckhorn_Three_Palms_Vineyard_Merlot_2000.png,Napa Valley,Duckhorn,"oak, black fruit, non oak, red fruit, spices, earth, microbio, dried fruit, vegetal, floral, citrus fruit, tree fruit, tropical fruit","Beef, Lamb, Veal",Merlot
Duckhorn Three Palms Vineyard Merlot 1987,United States,189,4.4,images/Duckhorn_Three_Palms_Vineyard_Merlot_1987.png,images/bottle_Duckhorn_Three_Palms_Vineyard_Merlot_1987.png,Napa Valley,Duckhorn,"oak, black fruit, non oak, red fruit, spices, earth, microbio, dried fruit, vegetal, floral, citrus fruit, tree fruit, tropical fruit","Beef, Lamb, Veal",Merlot
Duckhorn Three Palms Vineyard Merlot 1988,United States,199,4.4,images/Duckhorn_Three_Palms_Vineyard_Merlot_1988.png,images/bottle_Duckhorn_Three_Palms_Vineyard_Merlot_1988.png,Napa Valley,Duckhorn,"oak, black fruit, non oak, red fruit, spices, earth, microbio, dried fruit, vegetal, floral, citrus fruit, tree fruit, tropical fruit","Beef, Lamb, Veal",Merlot
Pride Mountain Vineyards Merlot 1994,United States,239,4.3,images/Pride_Mountain_Vineyards_Merlot_1994.png,images/bottle_Pride_Mountain_Vineyards_Merlot_1994.png,California,Pride Mountain Vineyards,"oak, black fruit, red fruit, non oak, earth, spices, microbio, dried fruit, floral, vegetal, tree fruit, citrus fruit, tropical fruit","Beef, Lamb, Veal",Merlot
Radius Merlot 2022,United States,13.97,3.7,images/Radius_Merlot_2022.png,images/bottle_Radius_Merlot_2022.png,Washington,Radius,"red fruit, oak, non oak, black fruit, spices, earth, microbio, dried fruit, tree fruit, citrus fruit, floral","Beef, Lamb, Veal",Merlot
Château Fontenil Fronsac 1996,France,55,3.9,images/Chteau_Fontenil_Fronsac_1996.png,images/bottle_Chteau_Fontenil_Fronsac_1996.png,Fronsac,Château Fontenil,"oak, black fruit, earth, non oak, red fruit, spices, microbio, floral, dried fruit, vegetal, tree fruit, citrus fruit","Beef, Lamb, Game (deer, venison), Poultry","Cabernet Sauvignon, Cabernet Franc, Malbec, Merlot, Petit Verdot, Carménère"
Columbia Winery Merlot 2021,United States,17.99,3.6,images/Columbia_Winery_Merlot_2021.png,images/bottle_Columbia_Winery_Merlot_2021.png,Columbia Valley,Columbia Winery,"oak, black fruit, non oak, red fruit, earth, spices, microbio, dried fruit, vegetal, citrus fruit, floral, tree fruit, tropical fruit","Beef, Lamb, Veal",Merlot
Pahlmeyer Merlot 2022,United States,140,4.5,images/Pahlmeyer_Merlot_2022.png,images/bottle_Pahlmeyer_Merlot_2022.png,Napa Valley,Pahlmeyer,"oak, black fruit, non oak, earth, spices, red fruit, microbio, dried fruit, floral, vegetal, tree fruit, citrus fruit, tropical fruit","Beef, Lamb, Veal",Merlot
McManis Merlot 2023,United States,10.99,3.7,images/McManis_Merlot_2023.png,images/bottle_McManis_Merlot_2023.png,Lodi,McManis,"oak, black fruit, non oak, red fruit, spices, earth, microbio, dried fruit, vegetal, floral, tree fruit, citrus fruit","Beef, Lamb, Veal",Merlot
Emmolo Merlot 2018,United States,71.99,4.4,images/Emmolo_Merlot_2018.png,images/bottle_Emmolo_Merlot_2018.png,Napa Valley,Emmolo,"oak, black fruit, non oak, spices, earth, red fruit, dried fruit, microbio, floral, vegetal, citrus fruit, tree fruit, tropical fruit","Beef, Lamb, Veal",Merlot
Stag's Leap Wine Cellars Merlot 1982,United States,177,4,images/Stags_Leap_Wine_Cellars_Merlot_1982.png,images/bottle_Stags_Leap_Wine_Cellars_Merlot_1982.png,Napa Valley,Stag's Leap Wine Cellars,"oak, black fruit, red fruit, non oak, earth, spices, dried fruit, microbio, floral, vegetal, tree fruit, citrus fruit","Beef, Lamb, Veal",Merlot
Stag's Leap Wine Cellars Merlot 1975,United States,360,4,images/Stags_Leap_Wine_Cellars_Merlot_1975.png,images/bottle_Stags_Leap_Wine_Cellars_Merlot_1975.png,Napa Valley,Stag's Leap Wine Cellars,"oak, black fruit, red fruit, non oak, earth, spices, dried fruit, microbio, floral, vegetal, tree fruit, citrus fruit","Beef, Lamb, Veal",Merlot
Poliziano In Violas Merlot 2004,Italy,23.49,4,images/Poliziano_In_Violas_Merlot_2004.jpg,,Cortona,Poliziano,"oak, black fruit, earth, red fruit, non oak, spices, floral, vegetal, dried fruit, microbio, tropical fruit, citrus fruit","Beef, Lamb, Veal, Poultry, Cured Meat","Cabernet Sauvignon, Merlot, Sangiovese, Canaiolo Nero"
Wölffer Estate Rosé 2024,United States,17.99,4,images/Wlffer_Estate_Ros_2024.png,images/bottle_Wlffer_Estate_Ros_2024.png,Long Island,Wölffer Estate,"tree fruit, red fruit, citrus fruit, earth, oak, microbio, vegetal, floral, tropical fruit, spices, non oak, black fruit, dried fruit","Shellfish, Spicy food, Mature and hard cheese, Appetizers and snacks, Lean fish, Cured Meat",
Robert Mondavi Private Selection Vint Merlot 2017,United States,12.91,3.7,images/Robert_Mondavi_Private_Selection_Vint_Merlot_2017.png,images/bottle_Robert_Mondavi_Private_Selection_Vint_Merlo.png,California,Robert Mondavi Private Selection,"oak, red fruit, black fruit, non oak, earth, spices, microbio, dried fruit, tree fruit, vegetal, floral, citrus fruit, tropical fruit","Beef, Lamb, Veal",Merlot
Decoy Sonoma County Merlot 2021,United States,21.99,3.9,images/Decoy_Sonoma_County_Merlot_2021.png,images/bottle_Decoy_Sonoma_County_Merlot_2021.png,Sonoma County,Decoy,"oak, black fruit, red fruit, non oak, spices, earth, microbio, dried fruit, floral, vegetal, citrus fruit, tree fruit, tropical fruit","Beef, Lamb, Veal",Merlot
Cockburn's Fine Tawny Port,Portugal,12.99,3.6,images/Cockburns_Fine_Tawny_Port.png,images/bottle_Cockburns_Fine_Tawny_Port.png,Porto,Cockburn's,"oak, non oak, dried fruit, black fruit, red fruit, earth, spices, microbio, tree fruit, citrus fruit, vegetal","Sweet desserts, Mature and hard cheese, Blue cheese","Touriga Nacional, Touriga Franca, Tinta Roriz"
Giulio Cocchi Cocchi Storico Vermouth di Torino,Italy,18.9,4.3,images/Giulio_Cocchi_Cocchi_Storico_Vermouth_di_Torino.png,images/bottle_Giulio_Cocchi_Cocchi_Storico_Vermouth_di_To.png,Piemonte,Giulio Cocchi,"oak, citrus fruit, non oak, earth, microbio, spices, vegetal, dried fruit, black fruit, red fruit, floral, tree fruit",,
Duckhorn Napa Valley Merlot 2021,United States,33.99,4.2,images/Duckhorn_Napa_Valley_Merlot_2021.png,images/bottle_Duckhorn_Napa_Valley_Merlot_2021.png,Napa Valley,Duckhorn,"oak, black fruit, red fruit, non oak, spices, earth, microbio, dried fruit, floral, vegetal, tree fruit, citrus fruit, tropical fruit","Beef, Lamb, Veal",Merlot
Bogle Merlot 2017,United States,15.26,3.7,images/Bogle_Merlot_2017.png,images/bottle_Bogle_Merlot_2017.png,California,Bogle,"oak, black fruit, red fruit, non oak, spices, earth, microbio, dried fruit, vegetal, floral, tree fruit, citrus fruit, tropical fruit","Beef, Lamb, Veal",Merlot
Newton Merlot Unfiltered 1994,United States,119,4.1,images/Newton_Merlot_Unfiltered_1994.png,images/bottle_Newton_Merlot_Unfiltered_1994.png,Napa Valley,Newton,"oak, black fruit, non oak, earth, spices, red fruit, microbio, dried fruit, vegetal, tree fruit, citrus fruit, floral","Beef, Lamb, Veal",Merlot
Newton Merlot Unfiltered 1991,United States,129,4.1,images/Newton_Merlot_Unfiltered_1991.png,images/bottle_Newton_Merlot_Unfiltered_1991.png,Napa Valley,Newton,"oak, black fruit, non oak, earth, spices, red fruit, microbio, dried fruit, vegetal, tree fruit, citrus fruit, floral","Beef, Lamb, Veal",Merlot
Matanzas Creek Merlot Sonoma County 1979,United States,148,3.9,images/Matanzas_Creek_Merlot_Sonoma_County_1979.png,images/bottle_Matanzas_Creek_Merlot_Sonoma_County_1979.png,Sonoma County,Matanzas Creek,"oak, black fruit, red fruit, non oak, spices, earth, microbio, dried fruit, floral, tree fruit, citrus fruit, vegetal, tropical fruit","Beef, Lamb, Veal",Merlot
Drumheller Merlot 2021,United States,11.99,3.8,images/Drumheller_Merlot_2021.png,images/bottle_Drumheller_Merlot_2021.png,Columbia Valley,Drumheller,"oak, black fruit, earth, non oak, red fruit, spices, vegetal, microbio, floral, dried fruit, tree fruit, citrus fruit","Beef, Lamb, Veal",Merlot
Toad Hollow Merlot Reserve Richard McDowell Vineyard 2022,United States,14.99,3.8,images/Toad_Hollow_Merlot_Reserve_Richard_McDowell_Vineya.png,images/bottle_Toad_Hollow_Merlot_Reserve_Richard_McDowell.png,Russian River Valley,Toad Hollow,"oak, red fruit, black fruit, earth, non oak, spices, microbio, tree fruit, floral, vegetal, dried fruit","Beef, Lamb, Veal",Merlot
Barkan Classic Merlot 2023,Israel,12.99,3.5,images/Barkan_Classic_Merlot_2023.png,images/bottle_Barkan_Classic_Merlot_2023.png,Galilee,Barkan,"red fruit, black fruit, spices, oak, non oak, earth, microbio, dried fruit, floral, vegetal","Beef, Lamb, Veal",Merlot
14 Hands Merlot 2016,United States,10.98,3.8,images/14_Hands_Merlot_2016.png,images/bottle_14_Hands_Merlot_2016.png,Columbia Valley,14 Hands,"oak, black fruit, red fruit, non oak, earth, spices, microbio, dried fruit, vegetal, floral, tree fruit, citrus fruit, tropical fruit","Beef, Lamb, Veal",Merlot
Sheridan Vineyard Crossfork Creek Merlot 2022,United States,26.97,3.8,images/Sheridan_Vineyard_Crossfork_Creek_Merlot_2022.png,images/bottle_Sheridan_Vineyard_Crossfork_Creek_Merlot_20.png,Yakima Valley,Sheridan Vineyard,"oak, black fruit, red fruit, non oak, spices, earth, microbio, dried fruit, floral, vegetal, tree fruit, citrus fruit","Beef, Lamb, Veal",Merlot
Goldschmidt Vineyards Chelsea Goldschmidt Merlot 2022,United States,21.99,3.9,images/Goldschmidt_Vineyards_Chelsea_Goldschmidt_Merlot_2.png,images/bottle_Goldschmidt_Vineyards_Chelsea_Goldschmidt_M.png,Alexander Valley,Goldschmidt Vineyards,"oak, black fruit, red fruit, earth, spices, non oak, microbio, dried fruit, floral, tree fruit, citrus fruit, vegetal","Beef, Lamb, Veal",Merlot
J. Lohr Vineyards & Wines Los Osos Merlot 2015,United States,23.99,4,images/J_Lohr_Vineyards_Wines_Los_Osos_Merlot_2015.png,images/bottle_J_Lohr_Vineyards_Wines_Los_Osos_Merlot_2015.png,Paso Robles,J. Lohr Vineyards & Wines,"oak, black fruit, red fruit, non oak, spices, earth, microbio, floral, dried fruit, vegetal, tree fruit, citrus fruit, tropical fruit","Beef, Lamb, Veal",Merlot
Manincor Castel Campan Merlot 2005,Italy,75,4.3,images/Manincor_Castel_Campan_Merlot_2005.png,images/bottle_Manincor_Castel_Campan_Merlot_2005.png,Südtirol - Alto Adige,Manincor,"earth, oak, non oak, black fruit, red fruit, spices, vegetal, microbio, citrus fruit","Beef, Pasta, Lamb, Game (deer, venison)","Nebbiolo, Barbera, Dolcetto"
Switchback Ridge Peterson Family Vineyard Merlot 2022,United States,75,4.3,images/Switchback_Ridge_Peterson_Family_Vineyard_Merlot_2.png,images/bottle_Switchback_Ridge_Peterson_Family_Vineyard_M.png,Napa Valley,Switchback Ridge,"oak, red fruit, black fruit, non oak, spices, earth, floral, dried fruit, microbio, vegetal","Beef, Lamb, Veal",Merlot
Trentadue La Storia Merlot 2022,United States,24.99,4.1,images/Trentadue_La_Storia_Merlot_2022.png,images/bottle_Trentadue_La_Storia_Merlot_2022.png,Alexander Valley,Trentadue,"oak, black fruit, spices, non oak, red fruit, earth, microbio, floral, vegetal, tree fruit, dried fruit, citrus fruit","Beef, Lamb, Veal",Merlot
Sterling Vineyards Three Palms Vineyard Merlot 1985,United States,238,4.1,images/Sterling_Vineyards_Three_Palms_Vineyard_Merlot_198.png,images/bottle_Sterling_Vineyards_Three_Palms_Vineyard_Mer.png,Napa Valley,Sterling Vineyards,"oak, black fruit, red fruit, earth, non oak, spices, microbio, vegetal, dried fruit, citrus fruit, floral","Beef, Lamb, Veal",Merlot
Milbrandt Vineyards Traditions Merlot 2019,United States,14.99,3.6,images/Milbrandt_Vineyards_Traditions_Merlot_2019.png,images/bottle_Milbrandt_Vineyards_Traditions_Merlot_2019.png,Columbia Valley,Milbrandt Vineyards,"oak, black fruit, red fruit, non oak, earth, spices, microbio, vegetal, dried fruit, floral, tropical fruit, citrus fruit","Beef, Lamb, Veal",Merlot
Duckhorn Estate Grown Merlot 2001,United States,99,4.2,images/Duckhorn_Estate_Grown_Merlot_2001.png,images/bottle_Duckhorn_Estate_Grown_Merlot_2001.png,Napa Valley,Duckhorn,"oak, red fruit, black fruit, non oak, spices, earth, floral, vegetal, microbio, citrus fruit, dried fruit","Beef, Lamb, Veal",Merlot
Duckhorn Estate Grown Merlot 1999,United States,115,4.2,images/Duckhorn_Estate_Grown_Merlot_1999.png,images/bottle_Duckhorn_Estate_Grown_Merlot_1999.png,Napa Valley,Duckhorn,"oak, red fruit, black fruit, non oak, spices, earth, floral, vegetal, microbio, citrus fruit, dried fruit","Beef, Lamb, Veal",Merlot
Duckhorn Estate Grown Merlot 2002,United States,284,4.2,images/Duckhorn_Estate_Grown_Merlot_2002.png,images/bottle_Duckhorn_Estate_Grown_Merlot_2002.png,Napa Valley,Duckhorn,"oak, red fruit, black fruit, non oak, spices, earth, floral, vegetal, microbio, citrus fruit, dried fruit","Beef, Lamb, Veal",Merlot
Duckhorn Estate Grown Merlot 1998,United States,349,4.2,images/Duckhorn_Estate_Grown_Merlot_1998.png,images/bottle_Duckhorn_Estate_Grown_Merlot_1998.png,Napa Valley,Duckhorn,"oak, red fruit, black fruit, non oak, spices, earth, floral, vegetal, microbio, citrus fruit, dried fruit","Beef, Lamb, Veal",Merlot
Rutherford Hill Merlot 2013,United States,59,3.8,images/Rutherford_Hill_Merlot_2013.png,images/bottle_Rutherford_Hill_Merlot_2013.png,Napa Valley,Rutherford Hill,"oak, black fruit, red fruit, non oak, earth, spices, microbio, dried fruit, vegetal, citrus fruit, tree fruit, floral, tropical fruit","Beef, Lamb, Veal",Merlot
Woodbridge by Robert Mondavi Merlot 2017,United States,10.97,3.5,images/Woodbridge_by_Robert_Mondavi_Merlot_2017.png,images/bottle_Woodbridge_by_Robert_Mondavi_Merlot_2017.png,California,Woodbridge by Robert Mondavi,"black fruit, oak, red fruit, non oak, earth, spices, microbio, dried fruit, vegetal, floral, tree fruit, tropical fruit, citrus fruit","Beef, Lamb, Veal",Merlot
Terra Vega Merlot 2023,Chile,11.99,3.2,images/Terra_Vega_Merlot_2023.png,images/bottle_Terra_Vega_Merlot_2023.png,Central Valley,Terra Vega,"black fruit, red fruit, spices, microbio, oak, earth, non oak, dried fruit, tree fruit","Beef, Lamb, Veal",Merlot
Decoy Sonoma County Merlot 2022,United States,17.99,3.8,images/Decoy_Sonoma_County_Merlot_2022.png,images/bottle_Decoy_Sonoma_County_Merlot_2022.png,Sonoma County,Decoy,"oak, black fruit, red fruit, non oak, spices, earth, microbio, dried fruit, floral, vegetal, citrus fruit, tree fruit, tropical fruit","Beef, Lamb, Veal",Merlot
Ben Ami Merlot 2023,Israel,12.99,3.5,images/Ben_Ami_Merlot_2023.png,images/bottle_Ben_Ami_Merlot_2023.png,Galilee,Ben Ami,"red fruit, oak, black fruit, non oak, spices, earth, dried fruit, tree fruit, vegetal, microbio, tropical fruit, floral","Beef, Lamb, Veal",Merlot
Bread & Butter Merlot 2020,United States,13.99,3.9,images/Bread_Butter_Merlot_2020.png,images/bottle_Bread_Butter_Merlot_2020.png,California,Bread & Butter,"oak, red fruit, black fruit, non oak, spices, earth, microbio, dried fruit, vegetal, floral, citrus fruit","Beef, Lamb, Veal",Merlot
Tenuta Prima Pietra Prima Pietra 2018,Italy,67.99,4.2,images/Tenuta_Prima_Pietra_Prima_Pietra_2018.png,images/bottle_Tenuta_Prima_Pietra_Prima_Pietra_2018.png,Toscana,Tenuta Prima Pietra,"oak, earth, black fruit, non oak, spices, red fruit, vegetal, microbio, floral, dried fruit, tree fruit, tropical fruit, citrus fruit","Beef, Lamb, Veal, Poultry, Cured Meat","Cabernet Sauvignon, Merlot, Sangiovese, Canaiolo Nero"
Psagot Merlot 2023,Israel,44.99,4,images/Psagot_Merlot_2023.png,images/bottle_Psagot_Merlot_2023.png,Jerusalem,Psagot,"oak, red fruit, black fruit, earth, spices, non oak, dried fruit, vegetal, microbio, floral, tree fruit","Beef, Lamb, Veal",Merlot
Petrolo Galatrona 2015,Italy,250,4.3,images/Petrolo_Galatrona_2015.png,images/bottle_Petrolo_Galatrona_2015.png,Valdarno di Sopra,Petrolo,"oak, black fruit, earth, non oak, red fruit, spices, microbio, floral, dried fruit, vegetal, citrus fruit, tropical fruit, tree fruit","Beef, Lamb, Veal, Poultry, Cured Meat","Cabernet Sauvignon, Merlot, Sangiovese, Canaiolo Nero"
Dow's Vintage Port 1985,Portugal,69,4.4,images/Dows_Vintage_Port_1985.png,images/bottle_Dows_Vintage_Port_1985.png,Porto,Dow's,"oak, black fruit, non oak, dried fruit, earth, spices, red fruit, microbio, floral, citrus fruit, vegetal, tree fruit, tropical fruit","Mature and hard cheese, Blue cheese","Touriga Nacional, Touriga Franca, Tinta Roriz"
Tua Rita Redigaffi Toscana 2015,Italy,323.04,4.6,images/Tua_Rita_Redigaffi_Toscana_2015.png,images/bottle_Tua_Rita_Redigaffi_Toscana_2015.png,Toscana,Tua Rita,"oak, black fruit, earth, non oak, spices, red fruit, microbio, floral, dried fruit, vegetal, citrus fruit, tree fruit, tropical fruit","Beef, Lamb, Veal, Poultry, Cured Meat","Cabernet Sauvignon, Merlot, Sangiovese, Canaiolo Nero"
Kapcsandy State Lane Vineyard Roberta's Reserve 2019,United States,395,4.5,images/Kapcsandy_State_Lane_Vineyard_Robertas_Reserve_201.png,images/bottle_Kapcsandy_State_Lane_Vineyard_Robertas_Rese.png,Yountville,Kapcsandy,"oak, black fruit, earth, non oak, red fruit, spices, floral, tree fruit, microbio, dried fruit, vegetal","Beef, Lamb, Veal",Merlot
Teperberg Vision Merlot 2023,Israel,12.99,3.5,images/Teperberg_Vision_Merlot_2023.png,images/bottle_Teperberg_Vision_Merlot_2023.png,Judean Hills,Teperberg,"red fruit, oak, non oak, spices, earth, black fruit, microbio","Beef, Lamb, Veal",Merlot
Lambert Bridge Merlot 1999,United States,44,4.3,images/Lambert_Bridge_Merlot_1999.png,images/bottle_Lambert_Bridge_Merlot_1999.png,Sonoma County,Lambert Bridge,"red fruit, black fruit, oak, non oak, spices, earth, dried fruit, vegetal, microbio, citrus fruit, tree fruit","Beef, Lamb, Veal",Merlot
Lambert Bridge Merlot 2001,United States,44,4.3,images/Lambert_Bridge_Merlot_2001.png,images/bottle_Lambert_Bridge_Merlot_2001.png,Sonoma County,Lambert Bridge,"red fruit, black fruit, oak, non oak, spices, earth, dried fruit, vegetal, microbio, citrus fruit, tree fruit","Beef, Lamb, Veal",Merlot
Campo alle Comete Stupore Bolgheri 2021,Italy,39.99,4.1,images/Campo_alle_Comete_Stupore_Bolgheri_2021.png,images/bottle_Campo_alle_Comete_Stupore_Bolgheri_2021.png,Bolgheri,Campo alle Comete,"black fruit, oak, earth, red fruit, spices, non oak, microbio, floral, dried fruit, vegetal, tree fruit","Beef, Pasta, Lamb, Veal, Game (deer, venison)","Cabernet Sauvignon, Merlot, Sangiovese"
Frei Brothers Merlot 2014,United States,17.99,3.8,images/Frei_Brothers_Merlot_2014.png,images/bottle_Frei_Brothers_Merlot_2014.png,Dry Creek Valley,Frei Brothers,"oak, black fruit, red fruit, non oak, spices, earth, microbio, dried fruit, vegetal, floral, tree fruit, citrus fruit","Beef, Lamb, Veal",Merlot
Keenan Mailbox Vineyard Reserve Merlot 2020,United States,84.99,4.3,images/Keenan_Mailbox_Vineyard_Reserve_Merlot_2020.png,images/bottle_Keenan_Mailbox_Vineyard_Reserve_Merlot_2020.png,Spring Mountain District,Keenan,"black fruit, oak, earth, non oak, red fruit, spices, microbio, floral, vegetal","Beef, Lamb, Veal",Merlot
Duckhorn Napa Valley Merlot 2022,United States,49.99,4.1,images/Duckhorn_Napa_Valley_Merlot_2022.png,images/bottle_Duckhorn_Napa_Valley_Merlot_2022.png,Napa Valley,Duckhorn,"oak, black fruit, red fruit, non oak, spices, earth, microbio, dried fruit, floral, vegetal, tree fruit, citrus fruit, tropical fruit","Beef, Lamb, Veal",Merlot
J. Lohr Vineyards & Wines Los Osos Merlot 2021,United States,15.99,3.9,images/J_Lohr_Vineyards_Wines_Los_Osos_Merlot_2021.png,images/bottle_J_Lohr_Vineyards_Wines_Los_Osos_Merlot_2021.png,Paso Robles,J. Lohr Vineyards & Wines,"oak, black fruit, red fruit, non oak, spices, earth, microbio, floral, dried fruit, vegetal, tree fruit, citrus fruit, tropical fruit","Beef, Lamb, Veal",Merlot
Gran Passione Rosso Veneto 2022,Italy,10.99,4.1,images/Gran_Passione_Rosso_Veneto_2022.png,images/bottle_Gran_Passione_Rosso_Veneto_2022.png,Veneto,Gran Passione,"oak, black fruit, red fruit, non oak, spices, earth, dried fruit, microbio, vegetal, floral, citrus fruit, tree fruit, tropical fruit","Beef, Pasta, Lamb, Game (deer, venison)","Nebbiolo, Barbera, Dolcetto"
Stags' Leap Merlot 2020,United States,33.99,4.1,images/Stags_Leap_Merlot_2020.png,images/bottle_Stags_Leap_Merlot_2020.png,Napa Valley,Stags' Leap,"oak, black fruit, red fruit, non oak, earth, spices, microbio, floral, dried fruit, vegetal, tree fruit, citrus fruit, tropical fruit","Beef, Lamb, Veal",Merlot
Muirwood Merlot 2022,United States,16.97,3.5,images/Muirwood_Merlot_2022.png,images/bottle_Muirwood_Merlot_2022.png,Arroyo Seco,Muirwood,"oak, black fruit, red fruit, non oak, earth, spices, vegetal, microbio, tree fruit, floral","Beef, Lamb, Veal",Merlot
Maddalena Wines Merlot 2023,United States,18.95,3.7,images/Maddalena_Wines_Merlot_2023.png,images/bottle_Maddalena_Wines_Merlot_2023.png,Paso Robles,Maddalena Wines,"black fruit, oak, red fruit, earth, non oak, spices, dried fruit, citrus fruit, floral","Beef, Lamb, Veal",Merlot
Chateau Ste. Michelle Merlot 2020,United States,13.99,4,images/Chateau_Ste_Michelle_Merlot_2020.png,images/bottle_Chateau_Ste_Michelle_Merlot_2020.png,Columbia Valley,Chateau Ste. Michelle,"oak, black fruit, red fruit, non oak, earth, spices, microbio, tree fruit, citrus fruit, dried fruit, vegetal, floral, tropical fruit","Beef, Lamb, Veal",Merlot
Golan Heights Winery Yarden Merlot 2018,Israel,39.99,4.1,images/Golan_Heights_Winery_Yarden_Merlot_2018.png,images/bottle_Golan_Heights_Winery_Yarden_Merlot_2018.png,Galilee,Golan Heights Winery,"oak, black fruit, non oak, spices, red fruit, earth, dried fruit, citrus fruit, microbio, vegetal, floral, tree fruit, tropical fruit","Beef, Lamb, Veal",Merlot
Mascota Vineyards Eccentric Merlot 2023,Argentina,11.97,3.9,images/Mascota_Vineyards_Eccentric_Merlot_2023.jpg,,Mendoza,Mascota Vineyards,"black fruit, oak, red fruit, non oak, earth, spices, vegetal, dried fruit, floral, microbio","Beef, Lamb, Veal",Merlot
Tobin James Cellars Merlot Made In The Shade 2018,United States,22,3.8,images/Tobin_James_Cellars_Merlot_Made_In_The_Shade_2018.png,images/bottle_Tobin_James_Cellars_Merlot_Made_In_The_Shad.png,Paso Robles,Tobin James Cellars,"oak, black fruit, non oak, earth, spices, red fruit, microbio, dried fruit, floral, citrus fruit, vegetal","Beef, Lamb, Veal",Merlot
Duckhorn Three Palms Vineyard Merlot 2018,United States,99.99,4.5,images/Duckhorn_Three_Palms_Vineyard_Merlot_2018.png,images/bottle_Duckhorn_Three_Palms_Vineyard_Merlot_2018.png,Napa Valley,Duckhorn,"oak, black fruit, non oak, red fruit, spices, earth, microbio, dried fruit, vegetal, floral, citrus fruit, tree fruit, tropical fruit","Beef, Lamb, Veal",Merlot
Hickinbotham The Revivalist Merlot 2019,Australia,75,4.2,images/Hickinbotham_The_Revivalist_Merlot_2019.png,images/bottle_Hickinbotham_The_Revivalist_Merlot_2019.png,McLaren Vale,Hickinbotham,"black fruit, oak, earth, red fruit, spices, non oak, microbio, dried fruit, floral, vegetal, tree fruit, citrus fruit","Beef, Lamb, Veal",Merlot
Echeverría Gran Reserva Merlot 2019,Chile,13.99,3.5,images/Echeverra_Gran_Reserva_Merlot_2019.png,images/bottle_Echeverra_Gran_Reserva_Merlot_2019.png,Curico Valley,Echeverría,"black fruit, oak, red fruit, spices, microbio, dried fruit, earth, non oak","Beef, Lamb, Veal",Merlot
Taft Street Merlot 2023,United States,24.99,3.8,images/Taft_Street_Merlot_2023.png,images/bottle_Taft_Street_Merlot_2023.png,Alexander Valley,Taft Street,"black fruit, red fruit, oak, earth, non oak, dried fruit, spices, microbio, tree fruit, floral","Beef, Lamb, Veal",Merlot
Dow's Vintage Port 2000,Portugal,99.98,4.4,images/Dows_Vintage_Port_2000.png,images/bottle_Dows_Vintage_Port_2000.png,Porto,Dow's,"oak, black fruit, non oak, dried fruit, earth, spices, red fruit, microbio, floral, citrus fruit, vegetal, tree fruit, tropical fruit","Mature and hard cheese, Blue cheese","Touriga Nacional, Touriga Franca, Tinta Roriz"
Antinori Tenuta Guado al Tasso Cont'Ugo Bolgheri 2022,Italy,59.99,4.2,images/Antinori_Tenuta_Guado_al_Tasso_ContUgo_Bolgheri_20.png,images/bottle_Antinori_Tenuta_Guado_al_Tasso_ContUgo_Bolg.png,Bolgheri,Antinori,"oak, black fruit, non oak, red fruit, spices, earth, microbio, dried fruit, floral, vegetal, citrus fruit, tropical fruit","Beef, Pasta, Lamb, Veal, Game (deer, venison)","Cabernet Sauvignon, Merlot, Sangiovese"
Woodward Canyon Merlot 2021,United States,55,3.9,images/Woodward_Canyon_Merlot_2021.png,images/bottle_Woodward_Canyon_Merlot_2021.png,Columbia Valley,Woodward Canyon,"oak, black fruit, red fruit, non oak, earth, spices, dried fruit, microbio, tropical fruit, vegetal","Beef, Lamb, Veal",Merlot
Teperberg Essence Merlot 2019,Israel,39.99,4.2,images/Teperberg_Essence_Merlot_2019.png,images/bottle_Teperberg_Essence_Merlot_2019.png,Judean Hills,Teperberg,"black fruit, oak, red fruit, non oak, spices, earth, dried fruit","Beef, Lamb, Veal",Merlot
Tua Rita Redigaffi Toscana 2017,Italy,239.99,4.5,images/Tua_Rita_Redigaffi_Toscana_2017.png,images/bottle_Tua_Rita_Redigaffi_Toscana_2017.png,Toscana,Tua Rita,"oak, black fruit, earth, non oak, spices, red fruit, microbio, floral, dried fruit, vegetal, citrus fruit, tree fruit, tropical fruit","Beef, Lamb, Veal, Poultry, Cured Meat","Cabernet Sauvignon, Merlot, Sangiovese, Canaiolo Nero"
Ledson Sonoma County Merlot 2021,United States,94,4.1,images/Ledson_Sonoma_County_Merlot_2021.png,images/bottle_Ledson_Sonoma_County_Merlot_2021.png,Sonoma County,Ledson,"black fruit, oak, red fruit, spices, earth, non oak, microbio, dried fruit, vegetal","Beef, Lamb, Veal",Merlot
ForestVille Merlot 2008,United States,10.7,3.3,images/ForestVille_Merlot_2008.png,images/bottle_ForestVille_Merlot_2008.png,California,ForestVille,"black fruit, oak, red fruit, earth, microbio, non oak","Beef, Lamb, Veal",Merlot
Cava Maciel Vía Láctea Merlot 2018,Mexico,37.99,3.9,images/Cava_Maciel_Va_Lctea_Merlot_2018.jpg,,Baja California,Cava Maciel,"oak, red fruit, non oak, earth, spices, dried fruit, floral","Beef, Lamb, Veal",Merlot
Tua Rita Redigaffi Toscana 2019,Italy,289.99,4.4,images/Tua_Rita_Redigaffi_Toscana_2019.png,images/bottle_Tua_Rita_Redigaffi_Toscana_2019.png,Toscana,Tua Rita,"oak, black fruit, earth, non oak, spices, red fruit, microbio, floral, dried fruit, vegetal, citrus fruit, tree fruit, tropical fruit","Beef, Lamb, Veal, Poultry, Cured Meat","Cabernet Sauvignon, Merlot, Sangiovese, Canaiolo Nero"
Markham Vineyards Merlot 2021,United States,28.99,4,images/Markham_Vineyards_Merlot_2021.png,images/bottle_Markham_Vineyards_Merlot_2021.png,Napa Valley,Markham Vineyards,"oak, black fruit, non oak, spices, red fruit, earth, microbio, dried fruit, vegetal, floral, tree fruit, citrus fruit, tropical fruit","Beef, Lamb, Veal",Merlot
Francis Ford Coppola Winery Diamond Collection Merlot 2021,United States,14.99,4,images/Francis_Ford_Coppola_Winery_Diamond_Collection_Mer.png,images/bottle_Francis_Ford_Coppola_Winery_Diamond_Collect.png,California,Francis Ford Coppola Winery,"black fruit, oak, red fruit, non oak, spices, earth, microbio, dried fruit, vegetal, floral, citrus fruit, tree fruit, tropical fruit","Beef, Lamb, Veal",Merlot
J. Bookwalter Readers Merlot 2021,United States,23.99,3.9,images/J_Bookwalter_Readers_Merlot_2021.png,images/bottle_J_Bookwalter_Readers_Merlot_2021.png,Columbia Valley,J. Bookwalter,"oak, black fruit, spices, red fruit, earth, non oak, dried fruit, vegetal, floral, microbio","Beef, Lamb, Veal",Merlot
PlumpJack Merlot 2019,United States,74.99,4.3,images/PlumpJack_Merlot_2019.png,images/bottle_PlumpJack_Merlot_2019.png,Napa Valley,PlumpJack,"oak, black fruit, non oak, spices, earth, red fruit, microbio, dried fruit, vegetal, floral, citrus fruit, tropical fruit","Beef, Lamb, Veal",Merlot
Tua Rita Rosso Dei Notri Toscana 2023,Italy,23.99,3.9,images/Tua_Rita_Rosso_Dei_Notri_Toscana_2023.png,images/bottle_Tua_Rita_Rosso_Dei_Notri_Toscana_2023.png,Toscana,Tua Rita,"oak, red fruit, black fruit, earth, non oak, spices, microbio, dried fruit, floral, vegetal, tree fruit, citrus fruit","Beef, Lamb, Veal, Poultry, Cured Meat","Cabernet Sauvignon, Merlot, Sangiovese, Canaiolo Nero"
Corte Medicea Atos 2018,Italy,21.99,4.2,images/Corte_Medicea_Atos_2018.png,images/bottle_Corte_Medicea_Atos_2018.png,Costa Toscana,Corte Medicea,"oak, black fruit, non oak, red fruit, spices, earth, dried fruit, microbio, floral, tree fruit, vegetal","Beef, Lamb, Veal, Poultry, Cured Meat","Cabernet Sauvignon, Merlot, Sangiovese, Canaiolo Nero"
Francis Ford Coppola Winery Diamond Collection Merlot 2022,United States,13.99,3.8,images/Francis_Ford_Coppola_Winery_Diamond_Collection_Mer.png,images/bottle_Francis_Ford_Coppola_Winery_Diamond_Collect.png,California,Francis Ford Coppola Winery,"black fruit, oak, red fruit, non oak, spices, earth, microbio, dried fruit, vegetal, floral, citrus fruit, tree fruit, tropical fruit","Beef, Lamb, Veal",Merlot
Le Macchiole Messorio 2017,Italy,249.99,4.5,images/Le_Macchiole_Messorio_2017.png,images/bottle_Le_Macchiole_Messorio_2017.png,Toscana,Le Macchiole,"oak, black fruit, earth, non oak, spices, red fruit, dried fruit, microbio, floral, vegetal, citrus fruit, tropical fruit, tree fruit","Beef, Lamb, Veal, Poultry, Cured Meat","Cabernet Sauvignon, Merlot, Sangiovese, Canaiolo Nero"
Andretti Merlot 2021,United States,40,3.8,images/Andretti_Merlot_2021.png,images/bottle_Andretti_Merlot_2021.png,Napa Valley,Andretti,"oak, black fruit, red fruit, earth, non oak, citrus fruit, spices, floral, microbio","Beef, Lamb, Veal",Merlot
Lenz Winery Estate Selection Merlot 2019,United States,37,3.8,images/Lenz_Winery_Estate_Selection_Merlot_2019.png,images/bottle_Lenz_Winery_Estate_Selection_Merlot_2019.png,North Fork of Long Island,Lenz Winery,"red fruit, black fruit, oak, earth, non oak, dried fruit, spices, tree fruit, floral",,
Korbin Kameron Merlot 2021,United States,45,3.9,images/Korbin_Kameron_Merlot_2021.jpg,,Moon Mountain District,Korbin Kameron,"oak, earth, black fruit, non oak, red fruit, spices, dried fruit, microbio","Beef, Lamb, Veal",Merlot
Blankiet Merlot (Paradise Hills Vineyard) 2001,United States,225,4.3,images/Blankiet_Merlot_Paradise_Hills_Vineyard_2001.png,images/bottle_Blankiet_Merlot_Paradise_Hills_Vineyard_200.png,Napa Valley,Blankiet,"oak, black fruit, earth, non oak, red fruit, spices, microbio, floral, vegetal, dried fruit, tropical fruit","Beef, Lamb, Veal",Merlot
Selby Merlot 2021,United States,32,3.8,images/Selby_Merlot_2021.png,images/bottle_Selby_Merlot_2021.png,Sonoma County,Selby,"black fruit, red fruit, oak, non oak, earth, spices, microbio","Beef, Lamb, Veal",Merlot
Lenz Winery Old Vines Merlot 2014,United States,135,4.2,images/Lenz_Winery_Old_Vines_Merlot_2014.png,images/bottle_Lenz_Winery_Old_Vines_Merlot_2014.png,North Fork of Long Island,Lenz Winery,"black fruit, red fruit, earth, oak, spices, non oak, dried fruit, citrus fruit, microbio",,
Lenz Winery Old Vines Merlot 2001,United States,150,4.2,images/Lenz_Winery_Old_Vines_Merlot_2001.png,images/bottle_Lenz_Winery_Old_Vines_Merlot_2001.png,North Fork of Long Island,Lenz Winery,"black fruit, red fruit, earth, oak, spices, non oak, dried fruit, citrus fruit, microbio",,
Grgich Hills Merlot 2016,United States,59.99,3.9,images/Grgich_Hills_Merlot_2016.png,images/bottle_Grgich_Hills_Merlot_2016.png,Napa Valley,Grgich Hills,"oak, black fruit, red fruit, non oak, earth, spices, microbio, dried fruit, floral, vegetal, citrus fruit, tree fruit, tropical fruit","Beef, Lamb, Veal",Merlot
Golan Heights Winery Gilgal Merlot 2020,Israel,15.99,3.5,images/Golan_Heights_Winery_Gilgal_Merlot_2020.png,images/bottle_Golan_Heights_Winery_Gilgal_Merlot_2020.png,Galilee,Golan Heights Winery,"oak, earth, red fruit, non oak, black fruit, spices, vegetal, dried fruit, tree fruit, citrus fruit, microbio","Beef, Lamb, Veal",Merlot
San Simeon Wines Merlot 2021,United States,22.95,3.8,images/San_Simeon_Wines_Merlot_2021.png,images/bottle_San_Simeon_Wines_Merlot_2021.png,Paso Robles,San Simeon Wines,"oak, black fruit, spices, non oak, dried fruit, earth, red fruit, tree fruit, microbio","Beef, Lamb, Veal",Merlot
Camp Merlot 2024,United States,21,3.6,images/Camp_Merlot_2024.png,images/bottle_Camp_Merlot_2024.png,Sonoma County,Camp,"black fruit, red fruit, oak, non oak, floral, vegetal, earth, dried fruit, spices","Beef, Lamb, Veal",Merlot
Leitz Eins Zwei Zero Sparkling Rosé,Germany,21.99,3.6,images/Leitz_Eins_Zwei_Zero_Sparkling_Ros.png,images/bottle_Leitz_Eins_Zwei_Zero_Sparkling_Ros.png,Rheingau,Leitz,"red fruit, citrus fruit, black fruit, tree fruit, dried fruit, floral, earth","Poultry, Appetizers and snacks, Lean fish, Aperitif","Chardonnay, Gewürztraminer, Riesling, Grauburgunder, Silvaner, Kerner, Weissburgunder, Huxelrebe"
Pride Mountain Vineyards Merlot 2019,United States,68.99,4.3,images/Pride_Mountain_Vineyards_Merlot_2019.png,images/bottle_Pride_Mountain_Vineyards_Merlot_2019.png,California,Pride Mountain Vineyards,"oak, black fruit, red fruit, non oak, earth, spices, microbio, dried fruit, floral, vegetal, tree fruit, citrus fruit, tropical fruit","Beef, Lamb, Veal",Merlot
Duckhorn Three Palms Vineyard Merlot 2020,United States,114.99,4.3,images/Duckhorn_Three_Palms_Vineyard_Merlot_2020.png,images/bottle_Duckhorn_Three_Palms_Vineyard_Merlot_2020.png,Napa Valley,Duckhorn,"oak, black fruit, non oak, red fruit, spices, earth, microbio, dried fruit, vegetal, floral, citrus fruit, tree fruit, tropical fruit","Beef, Lamb, Veal",Merlot
Markham Vineyards Merlot 2020,United States,30,4,images/Markham_Vineyards_Merlot_2020.png,images/bottle_Markham_Vineyards_Merlot_2020.png,Napa Valley,Markham Vineyards,"oak, black fruit, non oak, spices, red fruit, earth, microbio, dried fruit, vegetal, floral, tree fruit, citrus fruit, tropical fruit","Beef, Lamb, Veal",Merlot
Frey Organic Merlot 2021,United States,13.99,3.7,images/Frey_Organic_Merlot_2021.png,images/bottle_Frey_Organic_Merlot_2021.png,North Coast,Frey,"oak, red fruit, spices, non oak, black fruit, earth","Beef, Lamb, Veal",Merlot
Petrolo Galatrona 2021,Italy,139.99,4.2,images/Petrolo_Galatrona_2021.png,images/bottle_Petrolo_Galatrona_2021.png,Valdarno di Sopra,Petrolo,"oak, black fruit, earth, non oak, red fruit, spices, microbio, floral, dried fruit, vegetal, citrus fruit, tropical fruit, tree fruit","Beef, Lamb, Veal, Poultry, Cured Meat","Cabernet Sauvignon, Merlot, Sangiovese, Canaiolo Nero"
Masiero Gianfranco Verdugo 2010,Italy,35.24,4,images/Masiero_Gianfranco_Verdugo_2010.png,images/bottle_Masiero_Gianfranco_Verdugo_2010.png,Veneto,Masiero Gianfranco,"earth, oak, black fruit, non oak","Beef, Pasta, Lamb, Game (deer, venison)","Nebbiolo, Barbera, Dolcetto"
Avignonesi Desiderio Merlot 2020,Italy,55,4.1,images/Avignonesi_Desiderio_Merlot_2020.png,images/bottle_Avignonesi_Desiderio_Merlot_2020.png,Toscana,Avignonesi,"oak, black fruit, earth, non oak, spices, red fruit, microbio, floral, dried fruit, vegetal, citrus fruit, tree fruit","Beef, Lamb, Veal, Poultry, Cured Meat","Cabernet Sauvignon, Merlot, Sangiovese, Canaiolo Nero"
Luca Paretti Røsa Spumante,Italy,16.99,4.1,images/Luca_Paretti_Rsa_Spumante.png,images/bottle_Luca_Paretti_Rsa_Spumante.png,Veneto,Luca Paretti,"red fruit, tree fruit, floral, microbio, citrus fruit, earth, tropical fruit, non oak","Appetizers and snacks, Aperitif",
Dante Merlot 2023,United States,10.99,3.7,images/Dante_Merlot_2023.png,images/bottle_Dante_Merlot_2023.png,California,Dante,"oak, red fruit, earth, black fruit, spices, non oak, dried fruit, floral, vegetal, microbio, tree fruit","Beef, Lamb, Veal",Merlot
DeLoach Heritage Reserve Merlot 2016,United States,17.99,3.8,images/DeLoach_Heritage_Reserve_Merlot_2016.png,images/bottle_DeLoach_Heritage_Reserve_Merlot_2016.png,California,DeLoach,"red fruit, oak, black fruit, non oak, spices, earth, microbio, tree fruit, vegetal, citrus fruit","Beef, Lamb, Veal",Merlot
Tua Rita Redigaffi Toscana 2020,Italy,299.99,4.3,images/Tua_Rita_Redigaffi_Toscana_2020.png,images/bottle_Tua_Rita_Redigaffi_Toscana_2020.png,Toscana,Tua Rita,"oak, black fruit, earth, non oak, spices, red fruit, microbio, floral, dried fruit, vegetal, citrus fruit, tree fruit, tropical fruit","Beef, Lamb, Veal, Poultry, Cured Meat","Cabernet Sauvignon, Merlot, Sangiovese, Canaiolo Nero"
Rutherford Hill Merlot 2021,United States,29.99,4.1,images/Rutherford_Hill_Merlot_2021.png,images/bottle_Rutherford_Hill_Merlot_2021.png,Napa Valley,Rutherford Hill,"oak, black fruit, red fruit, non oak, earth, spices, microbio, dried fruit, vegetal, citrus fruit, tree fruit, floral, tropical fruit","Beef, Lamb, Veal",Merlot
Duckhorn Napa Valley Merlot 2007,United States,115,4.2,images/Duckhorn_Napa_Valley_Merlot_2007.png,images/bottle_Duckhorn_Napa_Valley_Merlot_2007.png,Napa Valley,Duckhorn,"oak, black fruit, red fruit, non oak, spices, earth, microbio, dried fruit, floral, vegetal, tree fruit, citrus fruit, tropical fruit","Beef, Lamb, Veal",Merlot
Swanson Merlot 2018,United States,29.99,4.1,images/Swanson_Merlot_2018.png,images/bottle_Swanson_Merlot_2018.png,Oakville,Swanson,"oak, black fruit, non oak, red fruit, spices, earth, microbio, dried fruit, vegetal, tree fruit, citrus fruit, floral","Beef, Lamb, Veal",Merlot
Highway 12 Merlot 2022,United States,19.99,3.7,images/Highway_12_Merlot_2022.png,images/bottle_Highway_12_Merlot_2022.png,Sonoma County,Highway 12,"black fruit, red fruit, oak, spices, earth, non oak, dried fruit, floral, microbio","Beef, Lamb, Veal",Merlot
Dow's Vintage Port 1970,Portugal,280,4.6,images/Dows_Vintage_Port_1970.png,images/bottle_Dows_Vintage_Port_1970.png,Porto,Dow's,"oak, black fruit, non oak, dried fruit, earth, spices, red fruit, microbio, floral, citrus fruit, vegetal, tree fruit, tropical fruit","Mature and hard cheese, Blue cheese","Touriga Nacional, Touriga Franca, Tinta Roriz"
Spring Valley Vineyard Mule Skinner Merlot 2019,United States,65,4,images/Spring_Valley_Vineyard_Mule_Skinner_Merlot_2019.png,images/bottle_Spring_Valley_Vineyard_Mule_Skinner_Merlot_.png,Walla Walla Valley,Spring Valley Vineyard,"oak, earth, black fruit, non oak, red fruit, spices, microbio, vegetal, dried fruit, floral","Beef, Lamb, Veal",Merlot
Spring Valley Vineyard Mule Skinner Merlot 2021,United States,65,4,images/Spring_Valley_Vineyard_Mule_Skinner_Merlot_2021.png,images/bottle_Spring_Valley_Vineyard_Mule_Skinner_Merlot_.png,Walla Walla Valley,Spring Valley Vineyard,"oak, earth, black fruit, non oak, red fruit, spices, microbio, vegetal, dried fruit, floral","Beef, Lamb, Veal",Merlot
Spring Valley Vineyard Mule Skinner Merlot 2018,United States,65,4,images/Spring_Valley_Vineyard_Mule_Skinner_Merlot_2018.png,images/bottle_Spring_Valley_Vineyard_Mule_Skinner_Merlot_.png,Walla Walla Valley,Spring Valley Vineyard,"oak, earth, black fruit, non oak, red fruit, spices, microbio, vegetal, dried fruit, floral","Beef, Lamb, Veal",Merlot
Spring Valley Vineyard Mule Skinner Merlot 2017,United States,65,4,images/Spring_Valley_Vineyard_Mule_Skinner_Merlot_2017.png,images/bottle_Spring_Valley_Vineyard_Mule_Skinner_Merlot_.png,Walla Walla Valley,Spring Valley Vineyard,"oak, earth, black fruit, non oak, red fruit, spices, microbio, vegetal, dried fruit, floral","Beef, Lamb, Veal",Merlot
J. Lohr Vineyards & Wines Los Osos Merlot 2022,United States,12.99,3.9,images/J_Lohr_Vineyards_Wines_Los_Osos_Merlot_2022.png,images/bottle_J_Lohr_Vineyards_Wines_Los_Osos_Merlot_2022.png,Paso Robles,J. Lohr Vineyards & Wines,"oak, black fruit, red fruit, non oak, spices, earth, microbio, floral, dried fruit, vegetal, tree fruit, citrus fruit, tropical fruit","Beef, Lamb, Veal",Merlot
Rombauer Vineyards Merlot 2019,United States,43.99,4,images/Rombauer_Vineyards_Merlot_2019.png,images/bottle_Rombauer_Vineyards_Merlot_2019.png,Napa Valley,Rombauer Vineyards,"black fruit, oak, red fruit, spices, non oak, earth, microbio, dried fruit, floral, vegetal, citrus fruit, tree fruit","Beef, Lamb, Veal",Merlot
Keenan Napa Valley Merlot 2018,United States,29.99,4.1,images/Keenan_Napa_Valley_Merlot_2018.png,images/bottle_Keenan_Napa_Valley_Merlot_2018.png,Napa Valley,Keenan,"oak, black fruit, earth, non oak, red fruit, spices, microbio, dried fruit, floral, vegetal, citrus fruit, tree fruit","Beef, Lamb, Veal",Merlot
Odem Mountain (יקב הר אודם) Hard Odem Merlot Reserve (קשה אודם קשה אוד ה מרלו) 2020,Israel,29.99,4,images/Odem_Mountain_Hard_Odem_Merlot_Reserve_2020.png,images/bottle_Odem_Mountain_Hard_Odem_Merlot_Reserve_2020.png,Galilee,Odem Mountain (יקב הר אודם),"oak, red fruit, black fruit, non oak, spices, earth, citrus fruit, microbio","Beef, Lamb, Veal",Merlot
Bouchon Superior Merlot 2021,United States,13.99,3.6,images/Bouchon_Superior_Merlot_2021.png,images/bottle_Bouchon_Superior_Merlot_2021.png,California,Bouchon,"oak, earth, non oak, black fruit, microbio, red fruit, spices, vegetal, floral","Beef, Lamb, Veal",Merlot
Bonterra Merlot 2022,United States,13.99,3.8,images/Bonterra_Merlot_2022.png,images/bottle_Bonterra_Merlot_2022.png,California,Bonterra,"oak, red fruit, black fruit, non oak, spices, earth, microbio, vegetal, dried fruit, tree fruit, citrus fruit, floral, tropical fruit","Beef, Lamb, Veal",Merlot
Kim Crawford Rosé 2022,New Zealand,14.99,3.7,images/Kim_Crawford_Ros_2022.png,images/bottle_Kim_Crawford_Ros_2022.png,Hawke's Bay,Kim Crawford,"red fruit, citrus fruit, tree fruit, earth, tropical fruit, vegetal, microbio, oak, spices, floral, black fruit, non oak, dried fruit","Pork, Rich fish (salmon, tuna etc), Shellfish, Vegetarian, Poultry, Appetizers and snacks",
Croteaux 181 Merlot Rosé 2024,United States,38,4.1,images/Croteaux_181_Merlot_Ros_2024.png,images/bottle_Croteaux_181_Merlot_Ros_2024.png,Long Island,Croteaux,"tree fruit, red fruit, citrus fruit, earth, tropical fruit, floral, vegetal","Shellfish, Spicy food, Mature and hard cheese, Appetizers and snacks, Lean fish, Cured Meat",
Binyamina Moshava Merlot 2023,Israel,16.99,3.5,images/Binyamina_Moshava_Merlot_2023.png,images/bottle_Binyamina_Moshava_Merlot_2023.png,Galilee,Binyamina,"red fruit, oak, earth, non oak, black fruit, spices","Beef, Lamb, Veal",Merlot
Lockhart Merlot 2022,United States,17,3.6,images/Lockhart_Merlot_2022.png,images/bottle_Lockhart_Merlot_2022.png,California,Lockhart,"black fruit, oak, earth, non oak, red fruit, spices, vegetal","Beef, Lamb, Veal",Merlot
Rocca di Frassinello Baffonero Maremma Toscana 2013,Italy,199.99,4.5,images/Rocca_di_Frassinello_Baffonero_Maremma_Toscana_201.png,images/bottle_Rocca_di_Frassinello_Baffonero_Maremma_Tosc.png,Maremma Toscana,Rocca di Frassinello,"oak, black fruit, earth, non oak, spices, red fruit, microbio, floral, dried fruit, vegetal, citrus fruit, tree fruit","Beef, Lamb, Veal, Poultry, Cured Meat","Cabernet Sauvignon, Merlot, Sangiovese, Canaiolo Nero"
Lenz Winery Merlot 2019,United States,24,3.7,images/Lenz_Winery_Merlot_2019.png,images/bottle_Lenz_Winery_Merlot_2019.png,North Fork of Long Island,Lenz Winery,"earth, red fruit, spices, oak, tree fruit, microbio, non oak",,
Lenz Winery Merlot 2018,United States,22,3.7,images/Lenz_Winery_Merlot_2018.png,images/bottle_Lenz_Winery_Merlot_2018.png,North Fork of Long Island,Lenz Winery,"earth, red fruit, spices, oak, tree fruit, microbio, non oak",,
Five Star Cellars Merlot 2019,United States,44,4.1,images/Five_Star_Cellars_Merlot_2019.png,images/bottle_Five_Star_Cellars_Merlot_2019.png,Walla Walla Valley,Five Star Cellars,"black fruit, oak, spices, red fruit, earth, non oak, microbio, tropical fruit, citrus fruit, vegetal","Beef, Lamb, Veal",Merlot
Iconic Wines SK (Sidekick) Merlot 2021,United States,18.99,3.6,images/Iconic_Wines_SK_Sidekick_Merlot_2021.jpg,,California,Iconic Wines,"oak, earth, non oak, black fruit, red fruit, spices, citrus fruit, microbio, vegetal","Beef, Lamb, Veal",Merlot
Petrolo Galatrona 2022,Italy,109.99,4.2,images/Petrolo_Galatrona_2022.png,images/bottle_Petrolo_Galatrona_2022.png,Valdarno di Sopra,Petrolo,"oak, black fruit, earth, non oak, red fruit, spices, microbio, floral, dried fruit, vegetal, citrus fruit, tropical fruit, tree fruit","Beef, Lamb, Veal, Poultry, Cured Meat","Cabernet Sauvignon, Merlot, Sangiovese, Canaiolo Nero"
Cakebread Merlot 2019,United States,69.99,4.2,images/Cakebread_Merlot_2019.png,images/bottle_Cakebread_Merlot_2019.png,Napa Valley,Cakebread,"black fruit, oak, red fruit, non oak, earth, spices, microbio, vegetal, dried fruit, floral, citrus fruit, tree fruit, tropical fruit","Beef, Lamb, Veal",Merlot
Obelisco Estate Merlot 2020,United States,70,4.1,images/Obelisco_Estate_Merlot_2020.jpg,,Red Mountain,Obelisco Estate,"black fruit, oak, earth, non oak, spices, red fruit, floral, vegetal, microbio","Beef, Lamb, Veal",Merlot
Kendall-Jackson Vintner's Reserve Merlot 2020,United States,18.99,4,images/Kendall_Jackson_Vintners_Reserve_Merlot_2020.png,images/bottle_Kendall_Jackson_Vintners_Reserve_Merlot_202.png,Sonoma County,Kendall-Jackson,"black fruit, oak, red fruit, non oak, spices, earth, microbio, dried fruit, floral, tree fruit, vegetal, citrus fruit, tropical fruit","Beef, Lamb, Veal",Merlot
Turnbull Merlot 2021,United States,110,4.2,images/Turnbull_Merlot_2021.jpg,,Oakville,Turnbull,"black fruit, earth, spices, oak, red fruit, non oak, dried fruit, microbio, citrus fruit","Beef, Lamb, Veal",Merlot
Airfield Estates Runway Merlot 2021,United States,19.99,3.7,images/Airfield_Estates_Runway_Merlot_2021.png,images/bottle_Airfield_Estates_Runway_Merlot_2021.png,Yakima Valley,Airfield Estates,"oak, black fruit, earth, red fruit, dried fruit, spices, microbio, non oak","Beef, Lamb, Veal",Merlot
Leonetti Merlot 2008,United States,95,4.3,images/Leonetti_Merlot_2008.png,images/bottle_Leonetti_Merlot_2008.png,Walla Walla Valley,Leonetti,"oak, black fruit, earth, non oak, red fruit, spices, microbio, floral, vegetal, dried fruit, citrus fruit, tree fruit","Beef, Lamb, Veal",Merlot
Ravenswood Merlot 1985,United States,69,3.6,images/Ravenswood_Merlot_1985.png,images/bottle_Ravenswood_Merlot_1985.png,Sonoma County,Ravenswood,"oak, black fruit, spices, non oak, earth, dried fruit, red fruit, microbio","Beef, Lamb, Veal",Merlot
Matthews Merlot 2022,United States,50,4.3,images/Matthews_Merlot_2022.png,images/bottle_Matthews_Merlot_2022.png,Columbia Valley,Matthews,"oak, red fruit, black fruit, non oak, earth, spices, vegetal, microbio","Beef, Lamb, Veal",Merlot
Croteaux 3 Merlot Rosé 2024,United States,38,3.8,images/Croteaux_3_Merlot_Ros_2024.jpg,,Long Island,Croteaux,"citrus fruit, red fruit, earth, tree fruit, floral, vegetal, microbio, oak","Shellfish, Spicy food, Mature and hard cheese, Appetizers and snacks, Lean fish, Cured Meat",
Norton Ridge Merlot 2019,United States,20.99,3.7,images/Norton_Ridge_Merlot_2019.jpg,,California,Norton Ridge,"red fruit, oak, black fruit, earth, spices, non oak","Beef, Lamb, Veal",Merlot
Odem Mountain (יקב הר אודם) Volcanic Merlot (וולקני ה מרלו) 2010,Israel,32.99,3.6,images/Odem_Mountain_Volcanic_Merlot_2010.png,images/bottle_Odem_Mountain_Volcanic_Merlot_2010.png,Galilee,Odem Mountain (יקב הר אודם),"earth, black fruit, dried fruit, citrus fruit, spices, non oak, oak","Beef, Lamb, Veal",Merlot
Guerrieri Rizzardi Rosso Veronese Clos Roareti 2018,Italy,31.99,4.1,images/Guerrieri_Rizzardi_Rosso_Veronese_Clos_Roareti_201.png,images/bottle_Guerrieri_Rizzardi_Rosso_Veronese_Clos_Roar.png,Rosso Veronese,Guerrieri Rizzardi,"oak, black fruit, red fruit, spices, earth, non oak, dried fruit, floral, microbio, vegetal, tree fruit","Beef, Pasta, Lamb, Game (deer, venison)","Nebbiolo, Barbera, Dolcetto"
Grgich Hills Merlot 2019,United States,34.99,4,images/Grgich_Hills_Merlot_2019.png,images/bottle_Grgich_Hills_Merlot_2019.png,Napa Valley,Grgich Hills,"oak, black fruit, red fruit, non oak, earth, spices, microbio, dried fruit, floral, vegetal, citrus fruit, tree fruit, tropical fruit","Beef, Lamb, Veal",Merlot
Rodney Strong Merlot 2021,United States,18.99,3.8,images/Rodney_Strong_Merlot_2021.png,images/bottle_Rodney_Strong_Merlot_2021.png,Sonoma County,Rodney Strong,"oak, black fruit, non oak, spices, red fruit, earth, microbio, vegetal, dried fruit, tree fruit, citrus fruit, floral, tropical fruit","Beef, Lamb, Veal",Merlot
St. Francis Merlot 2021,United States,14.99,3.7,images/St_Francis_Merlot_2021.png,images/bottle_St_Francis_Merlot_2021.png,Sonoma Valley,St. Francis,"oak, black fruit, red fruit, non oak, spices, earth, microbio, dried fruit, vegetal, floral, tree fruit, citrus fruit","Beef, Lamb, Veal",Merlot
Dow's Vintage Port 2016,Portugal,124.99,4.4,images/Dows_Vintage_Port_2016.png,images/bottle_Dows_Vintage_Port_2016.png,Porto,Dow's,"oak, black fruit, non oak, dried fruit, earth, spices, red fruit, microbio, floral, citrus fruit, vegetal, tree fruit, tropical fruit","Mature and hard cheese, Blue cheese","Touriga Nacional, Touriga Franca, Tinta Roriz"
Masseto Toscana 2021,Italy,999.99,4.4,images/Masseto_Toscana_2021.png,images/bottle_Masseto_Toscana_2021.png,Toscana,Masseto,"oak, black fruit, earth, non oak, spices, red fruit, microbio, dried fruit, floral, vegetal, citrus fruit, tree fruit, tropical fruit","Beef, Lamb, Veal, Poultry, Cured Meat","Cabernet Sauvignon, Merlot, Sangiovese, Canaiolo Nero"
Miani Filip Rosso 2021,Italy,179,4.4,images/Miani_Filip_Rosso_2021.png,images/bottle_Miani_Filip_Rosso_2021.png,Colli Orientali del Friuli,Miani,"oak, black fruit, dried fruit, red fruit, spices, earth, non oak","Beef, Pasta, Lamb, Game (deer, venison)","Nebbiolo, Barbera, Dolcetto"
Ménage à Trois Lavish Merlot 2021,United States,10.99,3.7,images/Mnage_Trois_Lavish_Merlot_2021.png,images/bottle_Mnage_Trois_Lavish_Merlot_2021.png,California,Ménage à Trois,"oak, black fruit, non oak, red fruit, earth, spices, microbio, dried fruit, tree fruit, floral, vegetal","Beef, Lamb, Veal",Merlot
San Giusto a Rentennano La Ricolma 2012,Italy,239.99,4,images/San_Giusto_a_Rentennano_La_Ricolma_2012.png,images/bottle_San_Giusto_a_Rentennano_La_Ricolma_2012.png,Toscana,San Giusto a Rentennano,"black fruit, oak, earth, red fruit, non oak, spices, dried fruit, floral, microbio, citrus fruit, vegetal","Beef, Lamb, Veal, Poultry, Cured Meat","Cabernet Sauvignon, Merlot, Sangiovese, Canaiolo Nero"
Pahlmeyer Merlot 2021,United States,125,4.4,images/Pahlmeyer_Merlot_2021.png,images/bottle_Pahlmeyer_Merlot_2021.png,Napa Valley,Pahlmeyer,"oak, black fruit, non oak, earth, spices, red fruit, microbio, dried fruit, floral, vegetal, tree fruit, citrus fruit, tropical fruit","Beef, Lamb, Veal",Merlot
Matthews Reserve Merlot 2022,United States,135,4.5,images/Matthews_Reserve_Merlot_2022.png,images/bottle_Matthews_Reserve_Merlot_2022.png,Columbia Valley,Matthews,"red fruit, oak, black fruit, earth, non oak, spices, floral, dried fruit, vegetal, tree fruit","Beef, Lamb, Veal",Merlot
Matthews Reserve Merlot 2021,United States,135,4.5,images/Matthews_Reserve_Merlot_2021.png,images/bottle_Matthews_Reserve_Merlot_2021.png,Columbia Valley,Matthews,"red fruit, oak, black fruit, earth, non oak, spices, floral, dried fruit, vegetal, tree fruit","Beef, Lamb, Veal",Merlot
Dow's Vintage Port 1991,Portugal,106,4.4,images/Dows_Vintage_Port_1991.png,images/bottle_Dows_Vintage_Port_1991.png,Porto,Dow's,"oak, black fruit, non oak, dried fruit, earth, spices, red fruit, microbio, floral, citrus fruit, vegetal, tree fruit, tropical fruit","Mature and hard cheese, Blue cheese","Touriga Nacional, Touriga Franca, Tinta Roriz"
Swanson Merlot 2019,United States,24.99,4,images/Swanson_Merlot_2019.png,images/bottle_Swanson_Merlot_2019.png,Oakville,Swanson,"oak, black fruit, non oak, red fruit, spices, earth, microbio, dried fruit, vegetal, tree fruit, citrus fruit, floral","Beef, Lamb, Veal",Merlot
Flanagan Merlot 2019,United States,93,4.3,images/Flanagan_Merlot_2019.png,images/bottle_Flanagan_Merlot_2019.png,Bennett Valley,Flanagan,"black fruit, oak, red fruit, spices, non oak, vegetal","Beef, Lamb, Veal",Merlot
Chateau Barrail de Brisson Saint-Émilion Grand Cru 2016,France,38.75,3.8,images/Chateau_Barrail_de_Brisson_Saint_milion_Grand_Cru_.png,images/bottle_Chateau_Barrail_de_Brisson_Saint_milion_Gra.png,Saint-Émilion Grand Cru,Chateau Barrail de Brisson,"oak, red fruit, earth, non oak, black fruit, spices, vegetal, floral, microbio","Beef, Lamb, Game (deer, venison), Poultry","Cabernet Sauvignon, Cabernet Franc, Malbec, Merlot, Petit Verdot, Carménère"
Pride Mountain Vineyards Merlot 2021,United States,74.99,4.3,images/Pride_Mountain_Vineyards_Merlot_2021.png,images/bottle_Pride_Mountain_Vineyards_Merlot_2021.png,California,Pride Mountain Vineyards,"oak, black fruit, red fruit, non oak, earth, spices, microbio, dried fruit, floral, vegetal, tree fruit, citrus fruit, tropical fruit","Beef, Lamb, Veal",Merlot
Teperberg Vision Merlot 2018,Israel,12.99,3.6,images/Teperberg_Vision_Merlot_2018.png,images/bottle_Teperberg_Vision_Merlot_2018.png,Judean Hills,Teperberg,"red fruit, oak, non oak, spices, earth, black fruit, microbio","Beef, Lamb, Veal",Merlot
Rutherford Hill Merlot 2005,United States,45.7,4.1,images/Rutherford_Hill_Merlot_2005.png,images/bottle_Rutherford_Hill_Merlot_2005.png,Napa Valley,Rutherford Hill,"oak, black fruit, red fruit, non oak, earth, spices, microbio, dried fruit, vegetal, citrus fruit, tree fruit, floral, tropical fruit","Beef, Lamb, Veal",Merlot
Golan Heights Winery Yarden Merlot 2020,Israel,32.99,4.1,images/Golan_Heights_Winery_Yarden_Merlot_2020.png,images/bottle_Golan_Heights_Winery_Yarden_Merlot_2020.png,Galilee,Golan Heights Winery,"oak, black fruit, non oak, spices, red fruit, earth, dried fruit, citrus fruit, microbio, vegetal, floral, tree fruit, tropical fruit","Beef, Lamb, Veal",Merlot
Duckhorn Three Palms Vineyard Merlot 2005,United States,249,4.2,images/Duckhorn_Three_Palms_Vineyard_Merlot_2005.png,images/bottle_Duckhorn_Three_Palms_Vineyard_Merlot_2005.png,Napa Valley,Duckhorn,"oak, black fruit, non oak, red fruit, spices, earth, microbio, dried fruit, vegetal, floral, citrus fruit, tree fruit, tropical fruit","Beef, Lamb, Veal",Merlot
Dow's Vintage Port 2017,Portugal,109.99,4.4,images/Dows_Vintage_Port_2017.png,images/bottle_Dows_Vintage_Port_2017.png,Porto,Dow's,"oak, black fruit, non oak, dried fruit, earth, spices, red fruit, microbio, floral, citrus fruit, vegetal, tree fruit, tropical fruit","Mature and hard cheese, Blue cheese","Touriga Nacional, Touriga Franca, Tinta Roriz"
Pahlmeyer Merlot 2008,United States,105,4.5,images/Pahlmeyer_Merlot_2008.png,images/bottle_Pahlmeyer_Merlot_2008.png,Napa Valley,Pahlmeyer,"oak, black fruit, non oak, earth, spices, red fruit, microbio, dried fruit, floral, vegetal, tree fruit, citrus fruit, tropical fruit","Beef, Lamb, Veal",Merlot
Noble Vines 181 Merlot 2021,United States,10.99,3.8,images/Noble_Vines_181_Merlot_2021.png,images/bottle_Noble_Vines_181_Merlot_2021.png,Lodi,Noble Vines,"oak, red fruit, black fruit, non oak, spices, earth, microbio, dried fruit, floral, vegetal, citrus fruit, tree fruit","Beef, Lamb, Veal",Merlot
Château Fontenil Fronsac 2020,France,31.99,4,images/Chteau_Fontenil_Fronsac_2020.png,images/bottle_Chteau_Fontenil_Fronsac_2020.png,Fronsac,Château Fontenil,"oak, black fruit, earth, non oak, red fruit, spices, microbio, floral, dried fruit, vegetal, tree fruit, citrus fruit","Beef, Lamb, Game (deer, venison), Poultry","Cabernet Sauvignon, Cabernet Franc, Malbec, Merlot, Petit Verdot, Carménère"
Croteaux 314 Merlot Rosé 2024,United States,38,3.9,images/Croteaux_314_Merlot_Ros_2024.png,images/bottle_Croteaux_314_Merlot_Ros_2024.png,Long Island,Croteaux,"red fruit, floral, tree fruit, citrus fruit, spices, vegetal, earth","Shellfish, Spicy food, Mature and hard cheese, Appetizers and snacks, Lean fish, Cured Meat",
Alexander Valley Vineyards Estate Merlot 2021,United States,22.99,3.6,images/Alexander_Valley_Vineyards_Estate_Merlot_2021.png,images/bottle_Alexander_Valley_Vineyards_Estate_Merlot_20.png,Alexander Valley,Alexander Valley Vineyards,"oak, black fruit, red fruit, earth, non oak, spices, microbio, floral, dried fruit, vegetal, citrus fruit, tree fruit, tropical fruit","Beef, Lamb, Veal",Merlot
Duckhorn Napa Valley Merlot 2002,United States,69,4.4,images/Duckhorn_Napa_Valley_Merlot_2002.png,images/bottle_Duckhorn_Napa_Valley_Merlot_2002.png,Napa Valley,Duckhorn,"oak, black fruit, red fruit, non oak, spices, earth, microbio, dried fruit, floral, vegetal, tree fruit, citrus fruit, tropical fruit","Beef, Lamb, Veal",Merlot
L'Ecole No 41 Estate Merlot (Seven Hills Vineyard) 2018,United States,35,4.1,images/LEcole_No_41_Estate_Merlot_Seven_Hills_Vineyard_20.png,images/bottle_LEcole_No_41_Estate_Merlot_Seven_Hills_Vine.png,Walla Walla Valley,L'Ecole No 41,"oak, red fruit, black fruit, non oak, earth, spices, dried fruit, microbio, tree fruit, vegetal, citrus fruit","Beef, Lamb, Veal",Merlot
Teperberg Vision Merlot 2021,Israel,14.99,3.5,images/Teperberg_Vision_Merlot_2021.png,images/bottle_Teperberg_Vision_Merlot_2021.png,Judean Hills,Teperberg,"red fruit, oak, non oak, spices, earth, black fruit, microbio","Beef, Lamb, Veal",Merlot
Dow's Vintage Port 1966,Portugal,478,4.5,images/Dows_Vintage_Port_1966.png,images/bottle_Dows_Vintage_Port_1966.png,Porto,Dow's,"oak, black fruit, non oak, dried fruit, earth, spices, red fruit, microbio, floral, citrus fruit, vegetal, tree fruit, tropical fruit","Mature and hard cheese, Blue cheese","Touriga Nacional, Touriga Franca, Tinta Roriz"
Chateau Ste. Michelle Indian Wells Merlot 2021,United States,18.99,3.7,images/Chateau_Ste_Michelle_Indian_Wells_Merlot_2021.png,images/bottle_Chateau_Ste_Michelle_Indian_Wells_Merlot_20.png,Columbia Valley,Chateau Ste. Michelle,"oak, black fruit, non oak, spices, earth, red fruit, microbio, dried fruit, floral, vegetal, tree fruit, citrus fruit, tropical fruit","Beef, Lamb, Veal",Merlot
Balistreri Little Feet Merlot 2018,United States,65,3.8,images/Balistreri_Little_Feet_Merlot_2018.jpg,,Colorado,Balistreri,"earth, red fruit, non oak, oak","Beef, Lamb, Veal, Game (deer, venison), Vegetarian, Mushrooms",
Balistreri Little Feet Merlot 2023,United States,30,3.8,images/Balistreri_Little_Feet_Merlot_2023.jpg,,Colorado,Balistreri,"earth, red fruit, non oak, oak","Beef, Lamb, Veal, Game (deer, venison), Vegetarian, Mushrooms",
Balistreri Little Feet Merlot 2015,United States,85,3.8,images/Balistreri_Little_Feet_Merlot_2015.jpg,,Colorado,Balistreri,"earth, red fruit, non oak, oak","Beef, Lamb, Veal, Game (deer, venison), Vegetarian, Mushrooms",
Cakebread Merlot 2021,United States,69.99,4.3,images/Cakebread_Merlot_2021.png,images/bottle_Cakebread_Merlot_2021.png,Napa Valley,Cakebread,"black fruit, oak, red fruit, non oak, earth, spices, microbio, vegetal, dried fruit, floral, citrus fruit, tree fruit, tropical fruit","Beef, Lamb, Veal",Merlot
Balistreri Little Feet Merlot 2019,United States,65,3.8,images/Balistreri_Little_Feet_Merlot_2019.jpg,,Colorado,Balistreri,"earth, red fruit, non oak, oak","Beef, Lamb, Veal, Game (deer, venison), Vegetarian, Mushrooms",
Barkan Classic Merlot 2021,Israel,15.99,3.6,images/Barkan_Classic_Merlot_2021.png,images/bottle_Barkan_Classic_Merlot_2021.png,Galilee,Barkan,"red fruit, black fruit, spices, oak, non oak, earth, microbio, dried fruit, floral, vegetal","Beef, Lamb, Veal",Merlot
Wines from Hahn Estate Merlot 2020,United States,13.99,3.8,images/Wines_from_Hahn_Estate_Merlot_2020.png,images/bottle_Wines_from_Hahn_Estate_Merlot_2020.png,Central Coast,Wines from Hahn Estate,"oak, black fruit, red fruit, earth, non oak, spices, dried fruit, microbio, vegetal, tree fruit, floral","Beef, Lamb, Veal",Merlot
Recanati Merlot Reserve 2017,Israel,29.99,3.8,images/Recanati_Merlot_Reserve_2017.jpg,,Galilee,Recanati,"red fruit, oak, spices, non oak","Beef, Lamb, Veal",Merlot
Leonetti Merlot 2007,United States,95,4.5,images/Leonetti_Merlot_2007.png,images/bottle_Leonetti_Merlot_2007.png,Walla Walla Valley,Leonetti,"oak, black fruit, earth, non oak, red fruit, spices, microbio, floral, vegetal, dried fruit, citrus fruit, tree fruit","Beef, Lamb, Veal",Merlot
Galil Mountain Winery (יקב הרי גליל) Merlot 2019,Israel,16.99,3.7,images/Galil_Mountain_Winery_Merlot_2019.png,images/bottle_Galil_Mountain_Winery_Merlot_2019.png,Upper Galilee,Galil Mountain Winery (יקב הרי גליל),"black fruit, red fruit, earth, oak, spices, dried fruit, non oak, vegetal, floral, tree fruit, microbio","Beef, Lamb, Veal",Merlot
Lenz Winery Old Vines Merlot 2010,United States,175,4.3,images/Lenz_Winery_Old_Vines_Merlot_2010.png,images/bottle_Lenz_Winery_Old_Vines_Merlot_2010.png,North Fork of Long Island,Lenz Winery,"black fruit, red fruit, earth, oak, spices, non oak, dried fruit, citrus fruit, microbio",,
Duckhorn Napa Valley Merlot 1999,United States,87,4.2,images/Duckhorn_Napa_Valley_Merlot_1999.png,images/bottle_Duckhorn_Napa_Valley_Merlot_1999.png,Napa Valley,Duckhorn,"oak, black fruit, red fruit, non oak, spices, earth, microbio, dried fruit, floral, vegetal, tree fruit, citrus fruit, tropical fruit","Beef, Lamb, Veal",Merlot
Blankiet Merlot (Paradise Hills Vineyard) 2002,United States,225,4.4,images/Blankiet_Merlot_Paradise_Hills_Vineyard_2002.png,images/bottle_Blankiet_Merlot_Paradise_Hills_Vineyard_200.png,Napa Valley,Blankiet,"oak, black fruit, earth, non oak, red fruit, spices, microbio, floral, vegetal, dried fruit, tropical fruit","Beef, Lamb, Veal",Merlot
Duckhorn Napa Valley Merlot 2000,United States,79,4.2,images/Duckhorn_Napa_Valley_Merlot_2000.png,images/bottle_Duckhorn_Napa_Valley_Merlot_2000.png,Napa Valley,Duckhorn,"oak, black fruit, red fruit, non oak, spices, earth, microbio, dried fruit, floral, vegetal, tree fruit, citrus fruit, tropical fruit","Beef, Lamb, Veal",Merlot
Teperberg Essence Fortesse Red 2020,Israel,44.99,3.8,images/Teperberg_Essence_Fortesse_Red_2020.png,images/bottle_Teperberg_Essence_Fortesse_Red_2020.png,Judean Hills,Teperberg,"dried fruit, oak, microbio, red fruit, tropical fruit, tree fruit, spices, non oak",,
Potomac Point Merlot 2023,United States,34,3.4,images/Potomac_Point_Merlot_2023.jpg,,Virginia,Potomac Point,"red fruit, oak, non oak, black fruit, spices, earth, microbio, floral, vegetal","Beef, Veal, Game (deer, venison), Vegetarian, Mushrooms",
Galil Mountain Winery (יקב הרי גליל) Merlot 2022,Israel,14.99,3.8,images/Galil_Mountain_Winery_Merlot_2022.png,images/bottle_Galil_Mountain_Winery_Merlot_2022.png,Upper Galilee,Galil Mountain Winery (יקב הרי גליל),"black fruit, red fruit, earth, oak, spices, dried fruit, non oak, vegetal, floral, tree fruit, microbio","Beef, Lamb, Veal",Merlot
Keenan Mailbox Vineyard Reserve Merlot 2014,United States,56.99,4.3,images/Keenan_Mailbox_Vineyard_Reserve_Merlot_2014.png,images/bottle_Keenan_Mailbox_Vineyard_Reserve_Merlot_2014.png,Spring Mountain District,Keenan,"black fruit, oak, earth, non oak, red fruit, spices, microbio, floral, vegetal","Beef, Lamb, Veal",Merlot
Matanzas Creek Merlot 2015,United States,35.99,4.1,images/Matanzas_Creek_Merlot_2015.png,images/bottle_Matanzas_Creek_Merlot_2015.png,Napa Valley,Matanzas Creek,"oak, black fruit, earth, non oak, red fruit, spices, dried fruit, vegetal, floral, microbio","Beef, Lamb, Veal",Merlot
Castello di Ama L'Apparita 2020,Italy,348,4.4,images/Castello_di_Ama_LApparita_2020.png,images/bottle_Castello_di_Ama_LApparita_2020.png,Toscana,Castello di Ama,"oak, earth, non oak, black fruit, red fruit, spices, dried fruit, microbio, floral, vegetal, citrus fruit, tree fruit, tropical fruit","Beef, Lamb, Veal, Poultry, Cured Meat","Cabernet Sauvignon, Merlot, Sangiovese, Canaiolo Nero"
Cascade Heights Merlot 2020,United States,13.99,3.8,images/Cascade_Heights_Merlot_2020.jpg,,Columbia Valley,Cascade Heights,"black fruit, dried fruit, spices, non oak, oak, red fruit, earth","Beef, Lamb, Veal",Merlot
Terra Sávia Sanel Valley Vineyards Reserve Merlot 2018,United States,25,3.8,images/Terra_Svia_Sanel_Valley_Vineyards_Reserve_Merlot_2.png,images/bottle_Terra_Svia_Sanel_Valley_Vineyards_Reserve_M.png,Mendocino,Terra Sávia,"earth, oak","Beef, Lamb, Veal",Merlot
Long Shadows Pedestal Merlot 2020,United States,66.99,4.1,images/Long_Shadows_Pedestal_Merlot_2020.png,images/bottle_Long_Shadows_Pedestal_Merlot_2020.png,Columbia Valley,Long Shadows,"oak, black fruit, earth, non oak, red fruit, spices, dried fruit, floral, microbio, vegetal, tree fruit, citrus fruit","Beef, Lamb, Veal",Merlot
Storrs Merlot 2020,United States,29,3.9,images/Storrs_Merlot_2020.jpg,,San Ysidro District,Storrs,"red fruit, oak, black fruit, earth, non oak, spices","Beef, Lamb, Veal",Merlot
Terra Sávia Sanel Valley Vineyards Reserve Merlot 2014,United States,30,3.8,images/Terra_Svia_Sanel_Valley_Vineyards_Reserve_Merlot_2.png,images/bottle_Terra_Svia_Sanel_Valley_Vineyards_Reserve_M.png,Mendocino,Terra Sávia,"earth, oak","Beef, Lamb, Veal",Merlot
Rombauer Vineyards Merlot 2021,United States,59.99,4.2,images/Rombauer_Vineyards_Merlot_2021.png,images/bottle_Rombauer_Vineyards_Merlot_2021.png,Napa Valley,Rombauer Vineyards,"black fruit, oak, red fruit, spices, non oak, earth, microbio, dried fruit, floral, vegetal, citrus fruit, tree fruit","Beef, Lamb, Veal",Merlot
Chateau Ste. Michelle Canoe Ridge Estate Merlot 2009,United States,35.71,3.7,images/Chateau_Ste_Michelle_Canoe_Ridge_Estate_Merlot_200.png,images/bottle_Chateau_Ste_Michelle_Canoe_Ridge_Estate_Mer.png,Horse Heaven Hills,Chateau Ste. Michelle,"oak, black fruit, red fruit, non oak, earth, spices, microbio, dried fruit, vegetal, floral, citrus fruit, tree fruit","Beef, Lamb, Veal",Merlot
La Jota Merlot 2017,United States,106,4.5,images/La_Jota_Merlot_2017.png,images/bottle_La_Jota_Merlot_2017.png,Howell Mountain,La Jota,"oak, black fruit, earth, non oak, red fruit, spices, microbio, dried fruit, floral, vegetal, citrus fruit, tree fruit","Beef, Lamb, Veal",Merlot
Inconnu Merlot 2018,United States,39,3.9,images/Inconnu_Merlot_2018.png,images/bottle_Inconnu_Merlot_2018.png,Los Carneros,Inconnu,"black fruit, oak, earth, red fruit, spices, floral, vegetal, non oak","Beef, Lamb, Veal",Merlot
Arietta Merlot 2019,United States,93,4.2,images/Arietta_Merlot_2019.png,images/bottle_Arietta_Merlot_2019.png,Napa Valley,Arietta,"earth, microbio, oak","Beef, Lamb, Veal",Merlot
Josh Cellars Merlot 2023,United States,14.99,3.4,images/Josh_Cellars_Merlot_2023.png,images/bottle_Josh_Cellars_Merlot_2023.png,California,Josh Cellars,"oak, black fruit, red fruit, non oak, spices, earth, microbio, vegetal, dried fruit, floral, tree fruit, tropical fruit, citrus fruit","Beef, Lamb, Veal",Merlot
Provenance Merlot 2019,United States,28.99,4,images/Provenance_Merlot_2019.png,images/bottle_Provenance_Merlot_2019.png,Napa Valley,Provenance,"oak, black fruit, red fruit, non oak, spices, earth, dried fruit, microbio, vegetal, floral, citrus fruit","Beef, Lamb, Veal",Merlot
Château La Fleur de Boüard Le Plus de La Fleur de Boüard Lalande-de-Pomerol 2012,France,110,4.4,images/Chteau_La_Fleur_de_Board_Le_Plus_de_La_Fleur_de_Bo.png,images/bottle_Chteau_La_Fleur_de_Board_Le_Plus_de_La_Fleu.png,Lalande-de-Pomerol,Château La Fleur de Boüard,"oak, earth, non oak, black fruit, spices, red fruit, microbio, dried fruit, tropical fruit, floral, vegetal","Beef, Lamb, Game (deer, venison), Poultry","Cabernet Sauvignon, Cabernet Franc, Malbec, Merlot, Petit Verdot, Carménère"
Marilyn Merlot 2018,United States,35.99,3.7,images/Marilyn_Merlot_2018.png,images/bottle_Marilyn_Merlot_2018.png,Napa Valley,Marilyn,"oak, black fruit, non oak, red fruit, spices, earth, floral, dried fruit, vegetal, microbio","Beef, Lamb, Veal",Merlot
Golan Heights Winery Yarden Merlot 2021,Israel,39.99,4,images/Golan_Heights_Winery_Yarden_Merlot_2021.png,images/bottle_Golan_Heights_Winery_Yarden_Merlot_2021.png,Galilee,Golan Heights Winery,"oak, black fruit, non oak, spices, red fruit, earth, dried fruit, citrus fruit, microbio, vegetal, floral, tree fruit, tropical fruit","Beef, Lamb, Veal",Merlot
Leonetti Merlot 2020,United States,94.99,4.3,images/Leonetti_Merlot_2020.png,images/bottle_Leonetti_Merlot_2020.png,Walla Walla Valley,Leonetti,"oak, black fruit, earth, non oak, red fruit, spices, microbio, floral, vegetal, dried fruit, citrus fruit, tree fruit","Beef, Lamb, Veal",Merlot
Barnett Merlot 2021,United States,69.99,4.4,images/Barnett_Merlot_2021.png,images/bottle_Barnett_Merlot_2021.png,Spring Mountain District,Barnett,"oak, black fruit, red fruit, non oak, earth, spices, microbio, floral, dried fruit, vegetal, tropical fruit","Beef, Lamb, Veal",Merlot
Lenz Winery Old Vines Merlot 2002,United States,150,4.4,images/Lenz_Winery_Old_Vines_Merlot_2002.png,images/bottle_Lenz_Winery_Old_Vines_Merlot_2002.png,North Fork of Long Island,Lenz Winery,"black fruit, red fruit, earth, oak, spices, non oak, dried fruit, citrus fruit, microbio",,
Paradise Springs Merlot 2022,United States,36,3.7,images/Paradise_Springs_Merlot_2022.jpg,,Virginia,Paradise Springs,"non oak, oak, red fruit, earth, black fruit","Beef, Veal, Game (deer, venison), Vegetarian, Mushrooms",
Ledson Sonoma County Merlot 2018,United States,78,4.1,images/Ledson_Sonoma_County_Merlot_2018.png,images/bottle_Ledson_Sonoma_County_Merlot_2018.png,Sonoma County,Ledson,"black fruit, oak, red fruit, spices, earth, non oak, microbio, dried fruit, vegetal","Beef, Lamb, Veal",Merlot
Grgich Hills Merlot 2020,United States,49.99,3.9,images/Grgich_Hills_Merlot_2020.png,images/bottle_Grgich_Hills_Merlot_2020.png,Napa Valley,Grgich Hills,"oak, black fruit, red fruit, non oak, earth, spices, microbio, dried fruit, floral, vegetal, citrus fruit, tree fruit, tropical fruit","Beef, Lamb, Veal",Merlot
Trentadue La Storia Merlot 2021,United States,21.99,4.2,images/Trentadue_La_Storia_Merlot_2021.png,images/bottle_Trentadue_La_Storia_Merlot_2021.png,Alexander Valley,Trentadue,"oak, black fruit, spices, non oak, red fruit, earth, microbio, floral, vegetal, tree fruit, dried fruit, citrus fruit","Beef, Lamb, Veal",Merlot
Pahlmeyer Merlot 1995,United States,153,4.3,images/Pahlmeyer_Merlot_1995.png,images/bottle_Pahlmeyer_Merlot_1995.png,Napa Valley,Pahlmeyer,"oak, black fruit, non oak, earth, spices, red fruit, microbio, dried fruit, floral, vegetal, tree fruit, citrus fruit, tropical fruit","Beef, Lamb, Veal",Merlot
Château Malineau Saint-Émilion Grand Cru 2016,France,47.99,4.1,images/Chteau_Malineau_Saint_milion_Grand_Cru_2016.png,images/bottle_Chteau_Malineau_Saint_milion_Grand_Cru_2016.png,Saint-Émilion Grand Cru,Château Malineau,"oak, black fruit, red fruit, earth, non oak","Beef, Lamb, Game (deer, venison), Poultry","Cabernet Sauvignon, Cabernet Franc, Malbec, Merlot, Petit Verdot, Carménère"
Seven Hills Merlot 2022,United States,24.99,3.9,images/Seven_Hills_Merlot_2022.png,images/bottle_Seven_Hills_Merlot_2022.png,Walla Walla Valley,Seven Hills,"oak, black fruit, red fruit, non oak, earth, spices, vegetal, floral, microbio, dried fruit, tree fruit","Beef, Lamb, Veal",Merlot
Wood Family Vineyards One Oak Vineyard Merlot 2022,United States,38,3.5,images/Wood_Family_Vineyards_One_Oak_Vineyard_Merlot_2022.jpg,,San Francisco Bay,Wood Family Vineyards,"black fruit, red fruit, oak, earth, spices, non oak","Beef, Lamb, Veal",Merlot
Lenz Winery Old Vines Merlot 2015,United States,70,3.9,images/Lenz_Winery_Old_Vines_Merlot_2015.png,images/bottle_Lenz_Winery_Old_Vines_Merlot_2015.png,North Fork of Long Island,Lenz Winery,"black fruit, red fruit, earth, oak, spices, non oak, dried fruit, citrus fruit, microbio",,
Hillsborough Merlot White 2022,United States,33,3.4,images/Hillsborough_Merlot_White_2022.jpg,,Virginia,Hillsborough,red fruit,"Rich fish (salmon, tuna etc)",
Estancia Merlot 2020,United States,11.99,3.6,images/Estancia_Merlot_2020.png,images/bottle_Estancia_Merlot_2020.png,Central Coast,Estancia,"oak, black fruit, non oak, red fruit, spices, earth, microbio, vegetal, dried fruit, tree fruit, citrus fruit, floral","Beef, Lamb, Veal",Merlot
Shale Canyon Merlot 2015,United States,20,3.6,images/Shale_Canyon_Merlot_2015.png,images/bottle_Shale_Canyon_Merlot_2015.png,Arroyo Seco,Shale Canyon,"black fruit, red fruit, earth, microbio, oak","Beef, Lamb, Veal",Merlot
Clos Pegase Merlot Mitsuko's Vineyard 2022,United States,56,4.1,images/Clos_Pegase_Merlot_Mitsukos_Vineyard_2022.png,images/bottle_Clos_Pegase_Merlot_Mitsukos_Vineyard_2022.png,Los Carneros,Clos Pegase,"black fruit, oak, earth, red fruit, non oak, spices, dried fruit, microbio, vegetal, citrus fruit, floral, tree fruit, tropical fruit","Beef, Lamb, Veal",Merlot
1848 Winery Reserve Merlot 2020,Israel,59.99,4.3,images/1848_Winery_Reserve_Merlot_2020.png,images/bottle_1848_Winery_Reserve_Merlot_2020.png,Galilee,1848 Winery,"black fruit, red fruit, spices, non oak, oak","Beef, Lamb, Veal",Merlot
Trespass Vineyard Merlot 2021,United States,95,4.3,images/Trespass_Vineyard_Merlot_2021.jpg,,Napa Valley,Trespass Vineyard,"black fruit, oak, red fruit, spices, non oak, earth, dried fruit, floral, vegetal","Beef, Lamb, Veal",Merlot
Swanson Merlot 2021,United States,23.99,3.9,images/Swanson_Merlot_2021.png,images/bottle_Swanson_Merlot_2021.png,Oakville,Swanson,"oak, black fruit, non oak, red fruit, spices, earth, microbio, dried fruit, vegetal, tree fruit, citrus fruit, floral","Beef, Lamb, Veal",Merlot
Frog's Leap Merlot 2021,United States,41.99,4.1,images/Frogs_Leap_Merlot_2021.png,images/bottle_Frogs_Leap_Merlot_2021.png,Rutherford,Frog's Leap,"oak, black fruit, red fruit, earth, non oak, spices, microbio, vegetal, dried fruit, floral, tree fruit, citrus fruit, tropical fruit","Beef, Lamb, Veal",Merlot
Charles Krug Merlot 2021,United States,30,3.9,images/Charles_Krug_Merlot_2021.png,images/bottle_Charles_Krug_Merlot_2021.png,Napa Valley,Charles Krug,"oak, non oak, black fruit, earth, red fruit, spices, microbio, vegetal, dried fruit, tree fruit, floral","Beef, Lamb, Veal",Merlot
Impensata Merlot 2019,United States,325,4.5,images/Impensata_Merlot_2019.jpg,,Napa Valley,Impensata,"black fruit, red fruit, earth, oak, spices","Beef, Lamb, Veal",Merlot
Barnard Griffin Merlot 2022,United States,15.99,3.8,images/Barnard_Griffin_Merlot_2022.png,images/bottle_Barnard_Griffin_Merlot_2022.png,Columbia Valley,Barnard Griffin,"oak, black fruit, non oak, earth, red fruit, spices, microbio, citrus fruit, dried fruit, tree fruit, vegetal","Beef, Lamb, Veal",Merlot
Impensata Merlot 2018,United States,325,4.5,images/Impensata_Merlot_2018.jpg,,Napa Valley,Impensata,"black fruit, red fruit, earth, oak, spices","Beef, Lamb, Veal",Merlot
Gravner Rujno Rosso 2007,Italy,324.99,4.4,images/Gravner_Rujno_Rosso_2007.png,images/bottle_Gravner_Rujno_Rosso_2007.png,Venezia Giulia,Gravner,"oak, black fruit, earth, spices, red fruit, non oak, microbio, citrus fruit, vegetal, floral, tree fruit, tropical fruit, dried fruit","Beef, Pasta, Lamb, Game (deer, venison)","Nebbiolo, Barbera, Dolcetto"
Newton Merlot Epic Unfiltered  1997,United States,49.99,4.5,images/Newton_Merlot_Epic_Unfiltered_1997.png,images/bottle_Newton_Merlot_Epic_Unfiltered_1997.png,Napa Valley,Newton,"black fruit, red fruit, earth, non oak, oak","Beef, Lamb, Veal",Merlot
Westcave Cellars Winery Merlot 2019,United States,38,3.7,images/Westcave_Cellars_Winery_Merlot_2019.jpg,,Texas High Plains,Westcave Cellars Winery,"earth, red fruit, oak, black fruit, non oak","Beef, Lamb, Game (deer, venison)",
Sterling Vineyards Vintner's Collection Merlot 2022,United States,11.99,3.7,images/Sterling_Vineyards_Vintners_Collection_Merlot_2022.png,images/bottle_Sterling_Vineyards_Vintners_Collection_Merl.png,Central Coast,Sterling Vineyards,"oak, black fruit, red fruit, non oak, earth, spices, microbio, dried fruit, citrus fruit, floral, vegetal, tree fruit, tropical fruit","Beef, Lamb, Veal",Merlot
La Jota Merlot 2019,United States,115,4.5,images/La_Jota_Merlot_2019.png,images/bottle_La_Jota_Merlot_2019.png,Howell Mountain,La Jota,"oak, black fruit, earth, non oak, red fruit, spices, microbio, dried fruit, floral, vegetal, citrus fruit, tree fruit","Beef, Lamb, Veal",Merlot
The Winery At Holy Cross Abbey Reserve Merlot 2021,United States,36,3.9,images/The_Winery_At_Holy_Cross_Abbey_Reserve_Merlot_2021.jpg,,Colorado,The Winery At Holy Cross Abbey,citrus fruit,"Beef, Lamb, Veal, Game (deer, venison), Vegetarian, Mushrooms",
Lenz Winery Old Vines Merlot 2007,United States,350,4.2,images/Lenz_Winery_Old_Vines_Merlot_2007.png,images/bottle_Lenz_Winery_Old_Vines_Merlot_2007.png,North Fork of Long Island,Lenz Winery,"black fruit, red fruit, earth, oak, spices, non oak, dried fruit, citrus fruit, microbio",,
Duckhorn Three Palms Vineyard Merlot 2001,United States,139,3.9,images/Duckhorn_Three_Palms_Vineyard_Merlot_2001.png,images/bottle_Duckhorn_Three_Palms_Vineyard_Merlot_2001.png,Napa Valley,Duckhorn,"oak, black fruit, non oak, red fruit, spices, earth, microbio, dried fruit, vegetal, floral, citrus fruit, tree fruit, tropical fruit","Beef, Lamb, Veal",Merlot
Shiloh Secret Reserve Merlot 2020,Israel,49.99,4.4,images/Shiloh_Secret_Reserve_Merlot_2020.png,images/bottle_Shiloh_Secret_Reserve_Merlot_2020.png,Judean Hills,Shiloh,"oak, red fruit, non oak, earth, black fruit, spices, microbio, dried fruit, vegetal, tree fruit, floral","Beef, Lamb, Veal",Merlot
Le Pin Trilogie Pomerol 2013,France,514,4.6,images/Le_Pin_Trilogie_Pomerol_2013.png,images/bottle_Le_Pin_Trilogie_Pomerol_2013.png,Pomerol,Le Pin,"black fruit, oak, spices, earth, red fruit, tree fruit, floral, vegetal, non oak","Beef, Lamb, Game (deer, venison), Poultry","Cabernet Sauvignon, Cabernet Franc, Malbec, Merlot, Petit Verdot, Carménère"
Terra Sávia Sanel Valley Vineyard Rosé 2021,United States,23,3.9,images/Terra_Svia_Sanel_Valley_Vineyard_Ros_2021.jpg,,Mendocino,Terra Sávia,red fruit,"Shellfish, Spicy food, Appetizers and snacks, Fruity desserts, Aperitif","Shiraz/Syrah, Cabernet Sauvignon, Pinot Noir, Sangiovese, Zinfandel, Barbera"
College Cellars Clarke Vineyard Merlot 2019,United States,35,4.3,images/College_Cellars_Clarke_Vineyard_Merlot_2019.jpg,,Walla Walla Valley,College Cellars,"red fruit, black fruit, oak, dried fruit, spices","Beef, Lamb, Veal",Merlot
Quilceda Creek Merlot 2006,United States,149,4.2,images/Quilceda_Creek_Merlot_2006.png,images/bottle_Quilceda_Creek_Merlot_2006.png,Columbia Valley,Quilceda Creek,"black fruit, oak, non oak, red fruit, spices, earth, microbio, floral","Beef, Lamb, Veal",Merlot
Lenz Winery Old Vines Merlot 2013,United States,175,4.2,images/Lenz_Winery_Old_Vines_Merlot_2013.png,images/bottle_Lenz_Winery_Old_Vines_Merlot_2013.png,North Fork of Long Island,Lenz Winery,"black fruit, red fruit, earth, oak, spices, non oak, dried fruit, citrus fruit, microbio",,
College Cellars Clarke Vineyard Merlot 2020,United States,35,4.3,images/College_Cellars_Clarke_Vineyard_Merlot_2020.jpg,,Walla Walla Valley,College Cellars,"red fruit, black fruit, oak, dried fruit, spices","Beef, Lamb, Veal",Merlot
Whitehall Lane Merlot 2006,United States,44.99,3.9,images/Whitehall_Lane_Merlot_2006.png,images/bottle_Whitehall_Lane_Merlot_2006.png,Napa Valley,Whitehall Lane,"oak, black fruit, non oak, red fruit, spices, earth, microbio, dried fruit, floral, vegetal, tree fruit, citrus fruit","Beef, Lamb, Veal",Merlot
